Tower ID,Tower Name,New Tower OA Date (NewTower Activated),Lat,Long,Cluster,Qty SP Seeding per BTS,PM,SPV,Kabupaten
SUM-AC-JTH-0013,-,2026-05-04,5.5161,95.3073,NS-NAD,50 Pcs,AYUB HARIYONO,DOLLY AULIA,Kab. Aceh Besar
SUM-AC-KTN-0008,KMP_RAJA_BABUSSALAM,2026-02-25,3.5206,97.8013,NS-NAD,50 Pcs,AYUB HARIYONO,SUHEYMI,Kab. Aceh Tenggara
SUM-RI-PRP-0001,BANDAR_JAYA,2026-02-21,1.274530556,100.3772806,NS-Riau,50 Pcs,AHMAD JAZULI,SYAHRU RAMADHAN ARIFIN HARAHAP,Kab. Rokan Hulu
SUM-AC-KTN-0017,UJUNG_BARU,2025-11-13,3.5437,97.7655,NS-NAD,50 Pcs,AYUB HARIYONO,SUHEYMI,Kab. Aceh Tenggara
SUM-SU-BNJ-0001,-,2026-04-30,3.6444,98.5001,NS-Medan Dairi,50 Pcs,JEFRIE,RISKY PRAYUDA,Kota Binjai
SUM-AC-KTN-0018,BAMBEL_TENGGARA,2025-12-26,3.4701,97.8596,NS-NAD,50 Pcs,AYUB HARIYONO,SUHEYMI,Kab. Aceh Tenggara
SUM-RI-PRP-0069,PASIR_UTAMA_HILIR,2026-02-26,0.949388889,100.3014694,NS-Riau,50 Pcs,AHMAD JAZULI,SYAHRU RAMADHAN ARIFIN HARAHAP,Kab. Rokan Hulu
SUM-RI-PRP-0065,SUKAMAJU_TAMBUSAI,2026-04-30,1.080630556,100.3742111,NS-Riau,50 Pcs,AHMAD JAZULI,SYAHRU RAMADHAN ARIFIN HARAHAP,Kab. Rokan Hulu
SUM-SU-GNT-0016,-,2026-04-11,1.5004,99.6215,NS-Siantar Sidempuan,50 Pcs,PAUL TULUS HUTAGALUNG,Vacant,Kab. Padang Lawas Utara
SUM-RI-PRP-0022,MAHATO_SAKTI,2026-03-25,1.265030556,100.4055611,NS-Riau,50 Pcs,AHMAD JAZULI,SYAHRU RAMADHAN ARIFIN HARAHAP,Kab. Rokan Hulu
SUM-SU-GNT-0005,BATANG_PANE_II,2025-11-14,1.506,99.8247,NS-Siantar Sidempuan,50 Pcs,PAUL TULUS HUTAGALUNG,Vacant,Kab. Padang Lawas Utara
SUM-AC-LSK-0002,MEURAH_MULIA,2025-12-20,5.0587,97.205,NS-NAD,50 Pcs,AYUB HARIYONO,ISWADI,Kab. Aceh Utara
SUM-RI-PRP-0062,DS_SUKA_DAMAI,2026-02-21,1.318019444,100.4569111,NS-Riau,50 Pcs,AHMAD JAZULI,SYAHRU RAMADHAN ARIFIN HARAHAP,Kab. Rokan Hulu
SUM-AC-LSK-0052,HAGU,2025-11-01,5.0129,97.2162,NS-NAD,50 Pcs,AYUB HARIYONO,ISWADI,Kab. Aceh Utara
SUM-AC-LSK-0019,SDN_11_SEUNUDDON,2026-01-08,5.1813,97.3916,NS-NAD,50 Pcs,AYUB HARIYONO,ISWADI,Kab. Aceh Utara
SUM-AC-SGI-0020,LHOK_IGEUH_TIRO,2026-04-01,5.2031,95.9423,NS-NAD,50 Pcs,AYUB HARIYONO,DOLLY AULIA,Kab. Pidie
SUM-AC-STR-0021,WIH_PESAM,2026-01-29,4.7285,96.8209,NS-NAD,50 Pcs,AYUB HARIYONO,ISWADI,Kab. Bener Meriah
SUM-SU-AKK-0028,BONDAR,2025-11-12,2.7769,99.9654,NS-Siantar Sidempuan,50 Pcs,PAUL TULUS HUTAGALUNG,RAMA PRAYOGA,Kab. LabuhanBatu Utara
SUM-AC-LSK-0053,BLANGGUMPANG,2025-11-12,5.1879,97.3684,NS-NAD,50 Pcs,AYUB HARIYONO,ISWADI,Kab. Aceh Utara
SUM-AC-LSK-0033,MEURAH,2025-12-25,5.0296,97.1939,NS-NAD,50 Pcs,AYUB HARIYONO,ISWADI,Kab. Aceh Utara
SUM-AC-LSK-0041,BUKIT_GELUMPANG,2025-12-22,5.0755,97.1774,NS-NAD,50 Pcs,AYUB HARIYONO,ISWADI,Kab. Aceh Utara
SUM-RI-PRP-0032,PASIR_INTAN,2026-04-03,0.95485,100.1912,NS-Riau,50 Pcs,AHMAD JAZULI,SYAHRU RAMADHAN ARIFIN HARAHAP,Kab. Rokan Hulu
SUM-RI-PRP-0024,DESA_SULIGI,2026-02-26,0.5176,100.5242889,NS-Riau,50 Pcs,AHMAD JAZULI,SYAHRU RAMADHAN ARIFIN HARAHAP,Kab. Rokan Hulu
SUM-AC-KTN-0015,PENAMPAAN_BABUSSALAM,2026-04-02,3.5297,97.768,NS-NAD,50 Pcs,AYUB HARIYONO,SUHEYMI,Kab. Aceh Tenggara
SUM-AC-LSK-0045,KUTA_AWE,2025-11-11,5.1506,97.2461,NS-NAD,50 Pcs,AYUB HARIYONO,ISWADI,Kab. Aceh Utara
SUM-AC-SKM-0011,NIGAN,2026-01-06,4.2239,96.3243,NS-NAD,50 Pcs,AYUB HARIYONO,SUHEYMI,Kab. Nagan Raya
SUM-AC-LSK-0024,RANTO,2025-11-15,5.0403,97.2279,NS-NAD,50 Pcs,AYUB HARIYONO,ISWADI,Kab. Aceh Utara
SUM-SU-SBG-0011,LOBU_TUA_BARUS,2026-04-10,2.1019,98.2961,NS-Siantar Sidempuan,50 Pcs,PAUL TULUS HUTAGALUNG,ADDINA FADILA JAMBAK,Kab. Tapanuli Tengah
SUM-AC-SKM-0022,ALUE_THO_SEUNAGAN,2026-01-26,4.2532,96.3356,NS-NAD,50 Pcs,AYUB HARIYONO,SUHEYMI,Kab. Nagan Raya
SUM-RI-PRP-0052,-,2026-04-22,1.3763,100.33512,NS-Riau,50 Pcs,AHMAD JAZULI,SYAHRU RAMADHAN ARIFIN HARAHAP,Kab. Rokan Hulu
SUM-AC-LSK-0004,MEUNASAH_GEUDONG,2025-11-16,5.1502,97.4401,NS-NAD,50 Pcs,AYUB HARIYONO,ISWADI,Kab. Aceh Utara
SUM-AC-KTN-0021,-,2026-03-04,3.5153,97.8189,NS-NAD,50 Pcs,AYUB HARIYONO,SUHEYMI,Kab. Aceh Tenggara
SUM-RI-BKN-0066,RANTAU_BERANGIN,2026-03-28,0.327430556,100.8454306,NS-Riau,50 Pcs,AHMAD JAZULI,SYAHRU RAMADHAN ARIFIN HARAHAP,Kab. Kampar
SUM-AC-BPD-0007,LAPANGAN_BINEH_KRUENG,2026-02-08,3.6514,96.9119,NS-NAD,50 Pcs,AYUB HARIYONO,SUHEYMI,Kab. Aceh Barat Daya
SUM-SU-PYB-0003,SINUNUKAN DUO,2026-02-09,0.5004,99.2184,NS-Siantar Sidempuan,50 Pcs,PAUL TULUS HUTAGALUNG,RAMA PRAYOGA,Kab. Mandailing Natal
SUM-AC-LSK-0058,BAKTYA_BARAT,2026-01-11,5.1641,97.3235,NS-NAD,50 Pcs,AYUB HARIYONO,ISWADI,Kab. Aceh Utara
SUM-RI-PKK-0012,ANGKASA_PELALAWAN,2026-01-08,0.13775,102.0885194,NS-Riau,50 Pcs,AHMAD JAZULI,MENILA LAHAGU,Kab. Pelalawan
SUM-SU-SDK-0014,LINGGA_RAJA,2025-11-07,2.845,98.409,NS-Medan Dairi,50 Pcs,JEFRIE,AUDREY AGITA TARIGAN,Kab. Dairi
SUM-AC-LSK-0012,PANTEUBREUH,2025-11-12,5.2183,97.4262,NS-NAD,50 Pcs,AYUB HARIYONO,ISWADI,Kab. Aceh Utara
SUM-SU-SBG-0004,SITIRIS_TIRIS,2026-02-02,2.0183,98.3745,NS-Siantar Sidempuan,50 Pcs,PAUL TULUS HUTAGALUNG,ADDINA FADILA JAMBAK,Kab. Tapanuli Tengah
SUM-AC-LSK-0003,BIARA_BARAT,2026-02-12,5.1071,97.4401,NS-NAD,50 Pcs,AYUB HARIYONO,ISWADI,Kab. Aceh Utara
SUM-AC-KTN-0005,-,2026-03-26,3.5962,97.7487,NS-NAD,50 Pcs,AYUB HARIYONO,SUHEYMI,Kab. Aceh Tenggara
SUM-AC-STR-0013,LAMPAHAN_2,2025-11-10,4.7546,96.7674,NS-NAD,50 Pcs,AYUB HARIYONO,ISWADI,Kab. Bener Meriah
SUM-SU-PYB-0010,-,2026-01-25,0.5159,99.2163,NS-Siantar Sidempuan,50 Pcs,PAUL TULUS HUTAGALUNG,RAMA PRAYOGA,Kab. Mandailing Natal
SUM-AC-SGI-0033,MESJID_ULEE_GAMPONG,2026-02-10,5.282,95.9117,NS-NAD,50 Pcs,AYUB HARIYONO,DOLLY AULIA,Kab. Pidie
SUM-AC-LSK-0054,SEUNEUBOK_PIDIE_JAMBOAYE,2025-12-17,5.1691,97.4853,NS-NAD,50 Pcs,AYUB HARIYONO,ISWADI,Kab. Aceh Utara
SUM-AC-MRN-0002,BUNGONG_GLUMPANG_TIGA,2026-04-01,5.2752,96.0554,NS-NAD,50 Pcs,AYUB HARIYONO,DOLLY AULIA,Kab. Pidie Jaya
SUM-AC-LSK-0064,-,2026-03-11,5.1267,97.3859,NS-NAD,50 Pcs,AYUB HARIYONO,ISWADI,Kab. Aceh Utara
SUM-RI-BLS-0011,KELAPAPATI_LAUT,2026-01-06,1.480694444,102.0910833,NS-Kepulauan Riau Dumai,50 Pcs,MUHAMMAD IKHLAS,EVY MARANATHA,Kab. Bengkalis
SUM-AC-STR-0026,-,2026-03-14,4.7253,96.7495,NS-NAD,50 Pcs,AYUB HARIYONO,ISWADI,Kab. Bener Meriah
SUM-RI-TLK-0009,SIMPANG_RAYA_KUANSING,2026-01-04,-0.273588889,101.4024,NS-Riau,50 Pcs,AHMAD JAZULI,SYAHRU RAMADHAN ARIFIN HARAHAP,Kab. Kuantan Singingi
SUM-AC-SKM-0012,BLANG_SAPEK,2026-01-15,4.1865,96.3068,NS-NAD,50 Pcs,AYUB HARIYONO,SUHEYMI,Kab. Nagan Raya
SUM-RI-TBH-0048,BELANTARAYA_GAUNG,2026-03-30,-0.096869444,103.2101194,NS-Riau,50 Pcs,AHMAD JAZULI,SANDHY ADITIA,Kab. Indragiri Hilir
SUM-SU-PYB-0006,PANGGAUTAN,2025-12-07,0.5799,99.1108,NS-Siantar Sidempuan,50 Pcs,PAUL TULUS HUTAGALUNG,RAMA PRAYOGA,Kab. Mandailing Natal
SUM-AC-LSK-0032,DTENGOH,2025-11-01,5.0705,97.4439,NS-NAD,50 Pcs,AYUB HARIYONO,ISWADI,Kab. Aceh Utara
SUM-AC-SGI-0008,JURONG_MESJID,2026-02-21,5.3115,96.0041,NS-NAD,50 Pcs,AYUB HARIYONO,DOLLY AULIA,Kab. Pidie
SUM-RI-PRP-0070,RSUD_PASIR_PANGARAYAN,2025-11-22,0.882811111,100.2855,NS-Riau,50 Pcs,AHMAD JAZULI,SYAHRU RAMADHAN ARIFIN HARAHAP,Kab. Rokan Hulu
SUM-SU-GNT-0001,-,2026-02-12,1.5541,99.6794,NS-Siantar Sidempuan,50 Pcs,PAUL TULUS HUTAGALUNG,Vacant,Kab. Padang Lawas Utara
SUM-AC-SGI-0015,NEULO,2025-11-14,5.2988,95.9331,NS-NAD,50 Pcs,AYUB HARIYONO,DOLLY AULIA,Kab. Pidie
SUM-AC-LSK-0057,SYAMTALIRA_ARON,2025-11-05,5.0423,97.2474,NS-NAD,50 Pcs,AYUB HARIYONO,ISWADI,Kab. Aceh Utara
SUM-AC-LSK-0027,BUKET_JRAT_MANYANG,2025-11-12,5.05,97.4664,NS-NAD,50 Pcs,AYUB HARIYONO,ISWADI,Kab. Aceh Utara
SUM-RI-BKN-0097,SUNGAI_GERINGGING_KAMPAR,2026-03-12,0.048163889,101.1842361,NS-Riau,50 Pcs,AHMAD JAZULI,SYAHRU RAMADHAN ARIFIN HARAHAP,Kab. Kampar
SUM-AC-SKM-0026,BLANG_ARA_DEDE,2025-12-31,4.2437,96.3595,NS-NAD,50 Pcs,AYUB HARIYONO,SUHEYMI,Kab. Nagan Raya
SUM-RI-SAK-0006,LIBO_JAYA,2026-03-25,0.981061111,101.1547889,NS-Riau,50 Pcs,AHMAD JAZULI,MENILA LAHAGU,Kab. Siak
SUM-RI-TBH-0001,-,2026-05-05,-0.75165,102.9043,NS-Riau,50 Pcs,AHMAD JAZULI,SANDHY ADITIA,Kab. Indragiri Hilir
SUM-AC-KTN-0006,SALANG_ALAS_BADAR,2026-03-06,3.5633,97.7538,NS-NAD,50 Pcs,AYUB HARIYONO,SUHEYMI,Kab. Aceh Tenggara
SUM-AC-SGI-0029,DAYAH_BLANG_SIMPANG_TIGA,2026-03-08,5.3247,95.9692,NS-NAD,50 Pcs,AYUB HARIYONO,DOLLY AULIA,Kab. Pidie
SUM-KR-BTM-0005,SETOKOK,2026-03-25,0.924430556,104.0597194,NS-Kepulauan Riau Dumai,50 Pcs,MUHAMMAD IKHLAS,ELDO JULIARTA HARTONO,Kota Batam
SUM-AC-LSK-0001,COTMANYAM,2025-11-14,5.0928,97.4133,NS-NAD,50 Pcs,AYUB HARIYONO,ISWADI,Kab. Aceh Utara
SUM-SU-AKK-0026,DESA_SONAMARTANI,2026-02-11,2.5603,99.8667,NS-Siantar Sidempuan,50 Pcs,PAUL TULUS HUTAGALUNG,RAMA PRAYOGA,Kab. LabuhanBatu Utara
SUM-SU-PYB-0007,SASARAN,2025-11-04,0.6099,99.1102,NS-Siantar Sidempuan,50 Pcs,PAUL TULUS HUTAGALUNG,RAMA PRAYOGA,Kab. Mandailing Natal
SUM-SU-KIS-0009,BANGUN_SARI,2025-11-05,3.0728,99.7071,NS-Siantar Sidempuan,50 Pcs,PAUL TULUS HUTAGALUNG,RINALDI RAJA SK,Kab. Asahan
SUM-SU-PSP-0016,PURWODADI,2026-04-29,1.3271,99.3408,NS-Siantar Sidempuan,50 Pcs,PAUL TULUS HUTAGALUNG,RAMA PRAYOGA,Kota Padangsidimpuan
SUM-AC-SGI-0030,SAGOE_BAMBONG,2025-11-20,5.361,95.9176,NS-NAD,50 Pcs,AYUB HARIYONO,DOLLY AULIA,Kab. Pidie
SUM-AC-SGI-0032,PUUK_KEMBANG_TANJUNG,2026-03-18,5.285,95.9905,NS-NAD,50 Pcs,AYUB HARIYONO,DOLLY AULIA,Kab. Pidie
SUM-AC-JTH-0007,PAYA_TIENG_PEUKAN_BADA,2026-04-29,5.5339,95.2669,NS-NAD,50 Pcs,AYUB HARIYONO,DOLLY AULIA,Kab. Aceh Besar
SUM-RI-PRP-0030,SIALANG_RINDANG_SITOLANG,2026-02-21,1.031319444,100.3528611,NS-Riau,50 Pcs,AHMAD JAZULI,SYAHRU RAMADHAN ARIFIN HARAHAP,Kab. Rokan Hulu
SUM-SU-AKK-0019,-,2026-05-11,2.4072,100.091,NS-Siantar Sidempuan,50 Pcs,PAUL TULUS HUTAGALUNG,RAMA PRAYOGA,Kab. Labuhanbatu
SUM-RI-BKN-0090,-,2026-04-30,-0.09304,101.15116,NS-Riau,50 Pcs,AHMAD JAZULI,SYAHRU RAMADHAN ARIFIN HARAHAP,Kab. Kampar
SUM-SU-STB-0005,-,2026-04-22,3.7744,98.4224,NS-Medan Dairi,50 Pcs,JEFRIE,RISKY PRAYUDA,Kab. Langkat
SUM-SU-AKK-0030,SIMANDULANG_BATU_UTARA,2025-11-10,2.8174,99.9681,NS-Siantar Sidempuan,50 Pcs,PAUL TULUS HUTAGALUNG,RAMA PRAYOGA,Kab. LabuhanBatu Utara
SUM-RI-PKK-0032,MULIA_SUBUR_LESUNG,2026-02-11,-0.04895,102.138075,NS-Riau,50 Pcs,AHMAD JAZULI,MENILA LAHAGU,Kab. Pelalawan
SUM-AC-SGI-0025,LABUI,2025-11-14,5.3645,95.9404,NS-NAD,50 Pcs,AYUB HARIYONO,DOLLY AULIA,Kab. Pidie
SUM-SU-SBH-0001,UJUNG_BATU_DUA,2025-12-16,1.1474,100.0989,NS-Siantar Sidempuan,50 Pcs,PAUL TULUS HUTAGALUNG,Vacant,Kab. Padang Lawas
SUM-AC-SGI-0024,-,2026-04-22,5.3516,95.8484,NS-NAD,50 Pcs,AYUB HARIYONO,DOLLY AULIA,Kab. Pidie
SUM-RI-PRP-0011,KOTA_INTAN,2026-03-31,0.803005556,100.5825778,NS-Riau,50 Pcs,AHMAD JAZULI,SYAHRU RAMADHAN ARIFIN HARAHAP,Kab. Rokan Hulu
SUM-AC-SGI-0019,MEUNASAH_PEUKAN,2026-02-09,5.3738,95.9227,NS-NAD,50 Pcs,AYUB HARIYONO,DOLLY AULIA,Kab. Pidie
SUM-SU-LBP-0047,-,2026-05-07,3.7484,98.5254,NS-Medan Dairi,50 Pcs,JEFRIE,ANGGA BUCHARES TANAMAL,Kab. Deli Serdang
SUM-RI-SAK-0003,SAWIT_PERMAI,2026-01-18,0.672569444,101.8766806,NS-Riau,50 Pcs,AHMAD JAZULI,MENILA LAHAGU,Kab. Siak
SUM-RI-PKK-0007,-,2026-04-22,-0.105319444,102.1307194,NS-Riau,50 Pcs,AHMAD JAZULI,MENILA LAHAGU,Kab. Pelalawan
SUM-SU-TRT-0011,SADAR_LOBUSIREGAR,2025-11-22,2.2075,99.0188,NS-Siantar Sidempuan,50 Pcs,PAUL TULUS HUTAGALUNG,RAYMOND DIAZ SITORUS,Kab. Tapanuli Utara
SUM-AC-SGI-0042,-,2026-05-10,5.3684,95.9613,NS-NAD,50 Pcs,AYUB HARIYONO,DOLLY AULIA,Kab. Pidie
SUM-AC-LGS-0046,-,2026-01-17,4.4847,97.9489,NS-NAD,50 Pcs,AYUB HARIYONO,SYAFRIZAL,Kota Langsa
SUM-RI-PRP-0031,BUKIT_INTAN_MAKMUR,2026-03-28,0.806388889,100.6915389,NS-Riau,50 Pcs,AHMAD JAZULI,SYAHRU RAMADHAN ARIFIN HARAHAP,Kab. Rokan Hulu
SUM-SU-KIS-0033,-,2026-02-13,2.9694,99.7122,NS-Siantar Sidempuan,50 Pcs,PAUL TULUS HUTAGALUNG,RINALDI RAJA SK,Kab. Asahan
SUM-SU-GNT-0013,BATUGANA,2025-11-15,1.4602,99.4793,NS-Siantar Sidempuan,50 Pcs,PAUL TULUS HUTAGALUNG,Vacant,Kab. Padang Lawas Utara
SUM-RI-TBH-0062,SULUNG_YANI,2026-02-27,0.413861111,103.5515,NS-Riau,50 Pcs,AHMAD JAZULI,SANDHY ADITIA,Kab. Indragiri Hilir
SUM-SU-TRT-0003,-,2026-04-17,2.1224,98.9503,NS-Siantar Sidempuan,50 Pcs,PAUL TULUS HUTAGALUNG,RAYMOND DIAZ SITORUS,Kab. Tapanuli Utara
SUM-AC-LSK-0063,MATANG_RAYA,2025-11-02,5.1647,97.3764,NS-NAD,50 Pcs,AYUB HARIYONO,ISWADI,Kab. Aceh Utara
SUM-SU-KBJ-0022,-,2026-04-30,3.0896,98.5025,NS-Medan Dairi,50 Pcs,JEFRIE,AUDREY AGITA TARIGAN,Kab. Karo
SUM-RI-PKK-0003,UKUI_II_PANGKALAN_KURAS,2026-04-20,-0.073588889,102.2717694,NS-Riau,50 Pcs,AHMAD JAZULI,MENILA LAHAGU,Kab. Pelalawan
SUM-SU-KPI-0005,TELUK_PANJI_IV,2025-11-10,2.0447,100.2686,NS-Siantar Sidempuan,50 Pcs,PAUL TULUS HUTAGALUNG,RAMA PRAYOGA,Kab. Labuhanbatu Selatan
SUM-AC-SKM-0027,KEUDE_LINTEUNG,2026-02-06,4.265,96.35,NS-NAD,50 Pcs,AYUB HARIYONO,SUHEYMI,Kab. Nagan Raya
SUM-SU-PSP-0037,-,2026-04-30,1.2541,99.3441,NS-Siantar Sidempuan,50 Pcs,PAUL TULUS HUTAGALUNG,Vacant,Kab. Tapanuli Selatan
SUM-RI-PRP-0064,PENDALIAN,2025-11-30,0.515361111,100.4877889,NS-Riau,50 Pcs,AHMAD JAZULI,SYAHRU RAMADHAN ARIFIN HARAHAP,Kab. Rokan Hulu
SUM-SU-GNT-0002,BATANG_PANE_SATU,2026-01-22,1.5873,99.9487,NS-Siantar Sidempuan,50 Pcs,PAUL TULUS HUTAGALUNG,Vacant,Kab. Padang Lawas Utara
SUM-AC-BIR-0041,-,2026-05-10,5.1999,96.7551,NS-NAD,50 Pcs,AYUB HARIYONO,ISWADI,Kab. Bireuen
SUM-AC-LSK-0017,LHOK_PUUK,2026-02-01,5.2079,97.39,NS-NAD,50 Pcs,AYUB HARIYONO,ISWADI,Kab. Aceh Utara
SUM-AC-BPD-0003,-,2026-03-06,3.9037,96.6927,NS-NAD,50 Pcs,AYUB HARIYONO,SUHEYMI,Kab. Aceh Barat Daya
SUM-SU-SBH-0032,PASAR_TRADISIONAL_ALIAGA,2025-11-14,1.1575,99.9975,NS-Siantar Sidempuan,50 Pcs,PAUL TULUS HUTAGALUNG,Vacant,Kab. Padang Lawas
SUM-RI-TBH-0038,SDN_018_BAGAN_JAYA,2026-01-05,-0.549819444,102.9594,NS-Riau,50 Pcs,AHMAD JAZULI,SANDHY ADITIA,Kab. Indragiri Hilir
SUM-SU-STB-0044,-,2026-04-26,3.5542,98.4151,NS-Medan Dairi,50 Pcs,JEFRIE,RISKY PRAYUDA,Kab. Langkat
SUM-SU-LBP-0046,-,2026-05-07,3.5103,98.688,NS-Medan Dairi,50 Pcs,JEFRIE,ANGGA BUCHARES TANAMAL,Kab. Deli Serdang
SUM-AC-SKM-0028,BABAHKRUNG_BEUTONG,2026-01-06,4.2688,96.4015,NS-NAD,50 Pcs,AYUB HARIYONO,SUHEYMI,Kab. Nagan Raya
SUM-RI-PKK-0002,-,2026-03-13,0.125161111,102.0562389,NS-Riau,50 Pcs,AHMAD JAZULI,MENILA LAHAGU,Kab. Pelalawan
SUM-SU-SBH-0004,UJUNG_GADING_JAE,2025-12-05,1.5173,99.8466,NS-Siantar Sidempuan,50 Pcs,PAUL TULUS HUTAGALUNG,Vacant,Kab. Padang Lawas
SUM-RI-PRP-0034,BTG_KUMU_TAMBUSAI,2026-03-12,1.188261111,100.2124611,NS-Riau,50 Pcs,AHMAD JAZULI,SYAHRU RAMADHAN ARIFIN HARAHAP,Kab. Rokan Hulu
SUM-SU-PMS-0014,-,2026-04-15,3.0521,99.5446,NS-Siantar Sidempuan,50 Pcs,PAUL TULUS HUTAGALUNG,CRISSANTI MIKA A P,Kab. Simalungun
SUM-AC-SGI-0028,TONG_PRIA_MUTIARA,2026-02-08,5.2301,95.9388,NS-NAD,50 Pcs,AYUB HARIYONO,DOLLY AULIA,Kab. Pidie
SUM-SU-LBP-0015,-,2026-05-04,3.4615,98.7032,NS-Medan Dairi,50 Pcs,JEFRIE,ANGGA BUCHARES TANAMAL,Kab. Deli Serdang
SUM-SU-PSP-0012,ARSE DUO,2025-11-14,1.6743,99.3089,NS-Siantar Sidempuan,50 Pcs,PAUL TULUS HUTAGALUNG,Vacant,Kab. Tapanuli Selatan
SUM-SU-TRT-0018,JANJIANGKOLA_PURBATUA,2025-12-28,1.7586,99.1139,NS-Siantar Sidempuan,50 Pcs,PAUL TULUS HUTAGALUNG,RAYMOND DIAZ SITORUS,Kab. Tapanuli Utara
SUM-RI-TBH-0037,PULAU_INDAH,2026-01-10,-0.314061111,103.1651806,NS-Riau,50 Pcs,AHMAD JAZULI,SANDHY ADITIA,Kab. Indragiri Hilir
SUM-RI-DUM-0006,-,2026-04-28,1.5015,101.3482778,NS-Kepulauan Riau Dumai,50 Pcs,MUHAMMAD IKHLAS,EVY MARANATHA,Kota Dumai
SUM-RI-BKN-0082,SIMALIYANG,2025-11-12,0.181005556,101.3460444,NS-Riau,50 Pcs,AHMAD JAZULI,SYAHRU RAMADHAN ARIFIN HARAHAP,Kab. Kampar
SUM-SU-AKK-0023,TELUK_PULAI_DALAM,2025-11-27,2.6639,99.9489,NS-Siantar Sidempuan,50 Pcs,PAUL TULUS HUTAGALUNG,RAMA PRAYOGA,Kab. LabuhanBatu Utara
SUM-AC-LSK-0013,TJ_DRIN,2026-01-13,4.9717,97.2167,NS-NAD,50 Pcs,AYUB HARIYONO,ISWADI,Kab. Aceh Utara
SUM-AC-STR-0020,PANTERAYA_BUKIT,2026-03-29,4.7298,96.7777,NS-NAD,50 Pcs,AYUB HARIYONO,ISWADI,Kab. Bener Meriah
SUM-SU-PSP-0036,-,2026-03-06,1.4291,99.3883,NS-Siantar Sidempuan,50 Pcs,PAUL TULUS HUTAGALUNG,Vacant,Kab. Tapanuli Selatan
SUM-SU-SBG-0008,-,2026-04-06,1.8001,98.7534,NS-Siantar Sidempuan,50 Pcs,PAUL TULUS HUTAGALUNG,ADDINA FADILA JAMBAK,Kab. Tapanuli Tengah
SUM-RI-TBH-0036,PERINTIS_TEMBILAHAN_HULU,2026-01-29,-0.3307,103.1491611,NS-Riau,50 Pcs,AHMAD JAZULI,SANDHY ADITIA,Kab. Indragiri Hilir
SUM-AC-SGI-0040,-,2026-05-08,5.3335,95.9002,NS-NAD,50 Pcs,AYUB HARIYONO,DOLLY AULIA,Kab. Pidie
SUM-SU-GNT-0025,PURBA_SINOMBA,2025-11-02,1.5282,99.6265,NS-Siantar Sidempuan,50 Pcs,PAUL TULUS HUTAGALUNG,Vacant,Kab. Padang Lawas Utara
SUM-RI-PRP-0060,KOTA_BANGUN_KUMU,2026-03-05,1.169461111,100.2269111,NS-Riau,50 Pcs,AHMAD JAZULI,SYAHRU RAMADHAN ARIFIN HARAHAP,Kab. Rokan Hulu
SUM-RI-TBH-0009,HARAPAN_JAYA_TEMPULING,2026-03-04,-0.460938889,102.7659611,NS-Riau,50 Pcs,AHMAD JAZULI,SANDHY ADITIA,Kab. Indragiri Hilir
SUM-SU-TRT-0015,-,2026-02-13,2.1161,98.9814,NS-Siantar Sidempuan,50 Pcs,PAUL TULUS HUTAGALUNG,RAYMOND DIAZ SITORUS,Kab. Tapanuli Utara
SUM-SU-SDK-0012,SUMBUL,2026-05-07,2.7967,98.2032,NS-Medan Dairi,50 Pcs,JEFRIE,AUDREY AGITA TARIGAN,Kab. Dairi
SUM-SU-SBG-0003,REBA,2025-11-23,1.6549,98.8536,NS-Siantar Sidempuan,50 Pcs,PAUL TULUS HUTAGALUNG,ADDINA FADILA JAMBAK,Kab. Tapanuli Tengah
SUM-SU-AKK-0033,TELUK_PULAI_LUARJAYAGIRI_RELOC,2025-11-06,2.7248,99.9472,NS-Siantar Sidempuan,50 Pcs,PAUL TULUS HUTAGALUNG,RAMA PRAYOGA,Kab. LabuhanBatu Utara
SUM-AC-LGS-0045,-,2026-03-16,4.4783,97.9548,NS-NAD,50 Pcs,AYUB HARIYONO,SYAFRIZAL,Kota Langsa
SUM-RI-PRP-0004,-,2026-05-05,0.70272384,100.5467531,NS-Riau,50 Pcs,AHMAD JAZULI,SYAHRU RAMADHAN ARIFIN HARAHAP,Kab. Rokan Hulu
SUM-AC-BPD-0010,-,2026-03-29,3.7221,96.8441,NS-NAD,50 Pcs,AYUB HARIYONO,SUHEYMI,Kab. Aceh Barat Daya
SUM-SU-LBP-0042,-,2026-03-17,3.5891,98.5488,NS-Medan Dairi,50 Pcs,JEFRIE,ANGGA BUCHARES TANAMAL,Kab. Deli Serdang
SUM-SU-TRT-0002,-,2026-04-12,2.1289,98.8703,NS-Siantar Sidempuan,50 Pcs,PAUL TULUS HUTAGALUNG,RAYMOND DIAZ SITORUS,Kab. Tapanuli Utara
SUM-AC-LSM-0005,JEULIKAT,2025-12-26,5.1491,97.1018,NS-NAD,50 Pcs,AYUB HARIYONO,ISWADI,Kota Lhokseumawe
SUM-AC-KRB-0019,DS_SELAMAT_TAMIANG,2025-11-10,4.0921,97.9576,NS-NAD,50 Pcs,AYUB HARIYONO,SYAFRIZAL,Kab. Aceh Tamiang
SUM-SU-PMS-0043,DOLOK_SILAU,2025-11-26,3.038,98.6788,NS-Siantar Sidempuan,50 Pcs,PAUL TULUS HUTAGALUNG,CRISSANTI MIKA A P,Kab. Simalungun
SUM-SU-DLS-0011,PARSINGGURANII,2025-11-04,2.3616,98.7613,NS-Siantar Sidempuan,50 Pcs,PAUL TULUS HUTAGALUNG,RAYMOND DIAZ SITORUS,Kab. Humbang Hasundutan
SUM-AC-LGS-0052,-,2026-01-22,4.4809,97.9605,NS-NAD,50 Pcs,AYUB HARIYONO,SYAFRIZAL,Kota Langsa
SUM-AC-LSK-0005,PELABUHAN_LHOKSUMAWE,2025-11-20,5.2395,97.0427,NS-NAD,50 Pcs,AYUB HARIYONO,ISWADI,Kab. Aceh Utara
SUM-SU-SBG-0005,BARAMBANG,2026-01-13,1.9996,98.4628,NS-Siantar Sidempuan,50 Pcs,PAUL TULUS HUTAGALUNG,ADDINA FADILA JAMBAK,Kab. Tapanuli Tengah
SUM-RI-BKN-0098,PERUMNAS_CADIKA_RIDAN,2026-01-20,0.295480556,101.0330167,NS-Riau,50 Pcs,AHMAD JAZULI,SYAHRU RAMADHAN ARIFIN HARAHAP,Kab. Kampar
SUM-AC-KRB-0002,SAPTA_JAYA,2025-11-04,4.2631,98.125,NS-NAD,50 Pcs,AYUB HARIYONO,SYAFRIZAL,Kab. Aceh Tamiang
SUM-RI-RGT-0019,-,2026-03-13,-0.78755,102.17089,NS-Riau,50 Pcs,AHMAD JAZULI,SANDHY ADITIA,Kab. Indragiri Hulu
SUM-SU-LBP-0044,-,2026-05-08,3.7233,98.5772,NS-Medan Dairi,50 Pcs,JEFRIE,ANGGA BUCHARES TANAMAL,Kab. Deli Serdang
SUM-SU-PSP-0019,SANGKUNUR,2025-11-05,1.3792,99.0235,NS-Siantar Sidempuan,50 Pcs,PAUL TULUS HUTAGALUNG,Vacant,Kab. Tapanuli Selatan
SUM-RI-BKN-0099,SUNGAI_LITI,2026-04-28,-0.096336111,101.1302361,NS-Riau,50 Pcs,AHMAD JAZULI,SYAHRU RAMADHAN ARIFIN HARAHAP,Kab. Kampar
SUM-SU-KBJ-0023,-,2026-04-30,3.1312,98.5087,NS-Medan Dairi,50 Pcs,JEFRIE,AUDREY AGITA TARIGAN,Kab. Karo
SUM-RI-TLK-0024,MUARA_LEMBU_SINGINGI,2026-03-12,-0.400638889,101.408,NS-Riau,50 Pcs,AHMAD JAZULI,SYAHRU RAMADHAN ARIFIN HARAHAP,Kab. Kuantan Singingi
SUM-SU-AKK-0032,TELUKPULAIDALAM,2025-11-07,2.6905,99.9435,NS-Siantar Sidempuan,50 Pcs,PAUL TULUS HUTAGALUNG,RAMA PRAYOGA,Kab. LabuhanBatu Utara
SUM-RI-PRP-0080,-,2026-03-28,0.82794,100.64885,NS-Riau,50 Pcs,AHMAD JAZULI,SYAHRU RAMADHAN ARIFIN HARAHAP,Kab. Rokan Hulu
SUM-AC-LSK-0048,ALUE_DUA_DAYAH,2025-11-11,5.0721,97.484,NS-NAD,50 Pcs,AYUB HARIYONO,ISWADI,Kab. Aceh Utara
SUM-AC-BIR-0040,-,2026-05-07,5.2165,96.3439,NS-NAD,50 Pcs,AYUB HARIYONO,ISWADI,Kab. Bireuen
SUM-SU-SBG-0016,KOTA_BERINGIN,2026-02-10,1.7471,98.7694,NS-Siantar Sidempuan,50 Pcs,PAUL TULUS HUTAGALUNG,ADDINA FADILA JAMBAK,Kota Sibolga
SUM-RI-PKK-0013,BANDARPETALANGAN,2026-01-22,0.103136111,102.1178972,NS-Riau,50 Pcs,AHMAD JAZULI,MENILA LAHAGU,Kab. Pelalawan
SUM-AC-LSK-0051,MUNYE,2025-11-01,5.0205,97.2492,NS-NAD,50 Pcs,AYUB HARIYONO,ISWADI,Kab. Aceh Utara
SUM-RI-PRP-0068,PADASA_KOTO_KAMPAR,2025-12-24,0.91455,100.3942111,NS-Riau,50 Pcs,AHMAD JAZULI,SYAHRU RAMADHAN ARIFIN HARAHAP,Kab. Rokan Hulu
SUM-RI-TBH-0015,TAGARAJA_KATEMAN,2026-01-12,0.308888889,103.6176722,NS-Riau,50 Pcs,AHMAD JAZULI,SANDHY ADITIA,Kab. Indragiri Hilir
SUM-RI-PRP-0058,SEITAPUNG,2026-02-27,0.600880556,100.6221389,NS-Riau,50 Pcs,AHMAD JAZULI,SYAHRU RAMADHAN ARIFIN HARAHAP,Kab. Rokan Hulu
SUM-AC-STR-0030,LUT_KUCAK,2026-02-08,4.7189,96.8068,NS-NAD,50 Pcs,AYUB HARIYONO,ISWADI,Kab. Bener Meriah
SUM-SU-AKK-0035,TELAGA_SUKA,2025-12-07,2.4779,100.1819,NS-Siantar Sidempuan,50 Pcs,PAUL TULUS HUTAGALUNG,RAMA PRAYOGA,Kab. Labuhanbatu
SUM-RI-RGT-0036,PASAR_KELAYANG,2026-02-13,-0.494788889,102.1342389,NS-Riau,50 Pcs,AHMAD JAZULI,SANDHY ADITIA,Kab. Indragiri Hulu
SUM-AC-LSK-0067,MATANG_KARIENG,2025-11-19,5.2008,97.4405,NS-NAD,50 Pcs,AYUB HARIYONO,ISWADI,Kab. Aceh Utara
SUM-SU-KIS-0051,-,2026-04-29,2.9883,99.6282,NS-Siantar Sidempuan,50 Pcs,PAUL TULUS HUTAGALUNG,RINALDI RAJA SK,Kab. Asahan
SUM-AC-SKM-0006,PURWODADI DUO,2025-11-26,4.065,96.266,NS-NAD,50 Pcs,AYUB HARIYONO,SUHEYMI,Kab. Nagan Raya
SUM-SU-KIS-0018,TANJUNG_ASRI,2025-12-30,2.9314,99.6172,NS-Siantar Sidempuan,50 Pcs,PAUL TULUS HUTAGALUNG,RINALDI RAJA SK,Kab. Asahan
SUM-SU-KIS-0054,-,2026-02-25,2.7266,99.6794,NS-Siantar Sidempuan,50 Pcs,PAUL TULUS HUTAGALUNG,RINALDI RAJA SK,Kab. Asahan
SUM-SU-KIS-0022,AEK_LOBA_AFD,2025-11-02,2.6557,99.6532,NS-Siantar Sidempuan,50 Pcs,PAUL TULUS HUTAGALUNG,RINALDI RAJA SK,Kab. Asahan
SUM-AC-LSK-0043,SEUNEUBOK_DALAM,2025-11-10,5.0085,97.3718,NS-NAD,50 Pcs,AYUB HARIYONO,ISWADI,Kab. Aceh Utara
SUM-SU-PMS-0017,-,2026-04-27,2.983,98.5794,NS-Siantar Sidempuan,50 Pcs,PAUL TULUS HUTAGALUNG,CRISSANTI MIKA A P,Kab. Simalungun
SUM-RI-PRP-0079,-,2026-03-30,0.587409722,100.6648897,NS-Riau,50 Pcs,AHMAD JAZULI,SYAHRU RAMADHAN ARIFIN HARAHAP,Kab. Rokan Hulu
SUM-AC-MBO-0005,SUWAK_INDRAPURI,2026-02-10,4.1598,96.1104,NS-NAD,50 Pcs,AYUB HARIYONO,SUHEYMI,Kab. Aceh Barat
SUM-SU-PSP-0023,PANGARIBUAN_SIPIROK,2026-03-03,1.6147,99.2954,NS-Siantar Sidempuan,50 Pcs,PAUL TULUS HUTAGALUNG,Vacant,Kab. Tapanuli Selatan
SUM-AC-SGI-0041,-,2026-05-10,5.3423,95.9642,NS-NAD,50 Pcs,AYUB HARIYONO,DOLLY AULIA,Kab. Pidie
SUM-SU-SDK-0018,SIEMPAT_NEMPU,2025-11-05,2.8688,98.0899,NS-Medan Dairi,50 Pcs,JEFRIE,AUDREY AGITA TARIGAN,Kab. Dairi
SUM-AC-SGI-0016,SEUKEUM_BROK_BEURABO,2026-01-03,5.3853,95.8663,NS-NAD,50 Pcs,AYUB HARIYONO,DOLLY AULIA,Kab. Pidie
SUM-AC-LSK-0038,BUKITHAGU,2025-11-05,4.9849,97.4116,NS-NAD,50 Pcs,AYUB HARIYONO,ISWADI,Kab. Aceh Utara
SUM-SU-SBH-0011,-,2025-12-31,0.9888,100.08,NS-Siantar Sidempuan,50 Pcs,PAUL TULUS HUTAGALUNG,Vacant,Kab. Padang Lawas
SUM-RI-PRP-0027,DALUDALU_ROHUL,2026-01-18,1.066580556,100.2600111,NS-Riau,50 Pcs,AHMAD JAZULI,SYAHRU RAMADHAN ARIFIN HARAHAP,Kab. Rokan Hulu
SUM-SU-PMS-0057,-,2026-03-06,3.088,99.2018,NS-Siantar Sidempuan,50 Pcs,PAUL TULUS HUTAGALUNG,CRISSANTI MIKA A P,Kab. Simalungun
SUM-SU-SBH-0019,BARUMUN_TENGAH,2025-12-17,1.2901,99.7487,NS-Siantar Sidempuan,50 Pcs,PAUL TULUS HUTAGALUNG,Vacant,Kab. Padang Lawas
SUM-RI-TLK-0004,GUNUNG_SARI_KAMPAR_KIRI,2026-02-15,-0.212902778,101.429375,NS-Riau,50 Pcs,AHMAD JAZULI,SYAHRU RAMADHAN ARIFIN HARAHAP,Kab. Kuantan Singingi
SUM-SU-KIS-0030,TELADAN_TINGGI_RAJA,2025-12-18,2.7828,99.4868,NS-Siantar Sidempuan,50 Pcs,PAUL TULUS HUTAGALUNG,RINALDI RAJA SK,Kab. Asahan
SUM-SU-PMS-0051,-,2026-04-23,2.8804,98.9912,NS-Siantar Sidempuan,50 Pcs,PAUL TULUS HUTAGALUNG,CRISSANTI MIKA A P,Kab. Simalungun
SUM-AC-SGI-0021,BS_GOGO,2025-12-19,5.3713,95.8739,NS-NAD,50 Pcs,AYUB HARIYONO,DOLLY AULIA,Kab. Pidie
SUM-AC-SGI-0023,CALEUE_KEUNIRE_MAWAR,2026-01-21,5.3446,95.938,NS-NAD,50 Pcs,AYUB HARIYONO,DOLLY AULIA,Kab. Pidie
SUM-SU-DLS-0005,MARBUN_MUARA,2026-02-25,2.3064,98.808,NS-Siantar Sidempuan,50 Pcs,PAUL TULUS HUTAGALUNG,RAYMOND DIAZ SITORUS,Kab. Humbang Hasundutan
SUM-RI-RGT-0021,PASAR_PATONGGANG,2026-03-11,-0.5048,102.1869889,NS-Riau,50 Pcs,AHMAD JAZULI,SANDHY ADITIA,Kab. Indragiri Hulu
SUM-SU-GNT-0035,-,2026-03-19,1.5602,99.705,NS-Siantar Sidempuan,50 Pcs,PAUL TULUS HUTAGALUNG,Vacant,Kab. Padang Lawas Utara
SUM-RI-BKN-0085,LINDAI_BUYUNG,2025-12-19,0.662761111,100.8649806,NS-Riau,50 Pcs,AHMAD JAZULI,SYAHRU RAMADHAN ARIFIN HARAHAP,Kab. Kampar
SUM-SU-LBP-0052,-,2026-05-08,3.7191,98.5947,NS-Medan Dairi,50 Pcs,JEFRIE,ANGGA BUCHARES TANAMAL,Kab. Deli Serdang
SUM-SU-SBH-0027,PAPASO,2025-11-14,0.9536,100.053,NS-Siantar Sidempuan,50 Pcs,PAUL TULUS HUTAGALUNG,Vacant,Kab. Padang Lawas
SUM-SU-DLS-0018,HUTAPAUNG_POLLUNG,2025-11-04,2.3403,98.7392,NS-Siantar Sidempuan,50 Pcs,PAUL TULUS HUTAGALUNG,RAYMOND DIAZ SITORUS,Kab. Humbang Hasundutan
SUM-RI-PRP-0035,PASIR_MULYA,2026-03-17,0.863719444,100.4213389,NS-Riau,50 Pcs,AHMAD JAZULI,SYAHRU RAMADHAN ARIFIN HARAHAP,Kab. Rokan Hulu
SUM-RI-TBH-0003,DESA_BATU_AMPAR,2026-02-19,-0.961119444,102.7387611,NS-Riau,50 Pcs,AHMAD JAZULI,SANDHY ADITIA,Kab. Indragiri Hilir
SUM-SU-LMP-0001,TANJUNG_PARAPAT,2025-11-19,3.2176,99.2148,NS-Siantar Sidempuan,50 Pcs,PAUL TULUS HUTAGALUNG,RINALDI RAJA SK,Kab. Batu Bara
SUM-RI-BKN-0086,RIMBA_BERINGIN_MAKMUR,2026-02-15,0.613411111,100.9463806,NS-Riau,50 Pcs,AHMAD JAZULI,SYAHRU RAMADHAN ARIFIN HARAHAP,Kab. Kampar
SUM-RI-PRP-0051,RANTAU_SAKTI,2026-01-02,1.208680556,100.4237611,NS-Riau,50 Pcs,AHMAD JAZULI,SYAHRU RAMADHAN ARIFIN HARAHAP,Kab. Rokan Hulu
SUM-SU-TRT-0029,-,2026-03-14,2.1221,99.0862,NS-Siantar Sidempuan,50 Pcs,PAUL TULUS HUTAGALUNG,RAYMOND DIAZ SITORUS,Kab. Tapanuli Utara
SUM-SU-LBP-0016,-,2026-04-30,3.4103,98.736,NS-Medan Dairi,50 Pcs,JEFRIE,ANGGA BUCHARES TANAMAL,Kab. Deli Serdang
SUM-RI-PRP-0023,RANTAU_KASAI,2026-04-29,1.226438889,100.3164,NS-Riau,50 Pcs,AHMAD JAZULI,SYAHRU RAMADHAN ARIFIN HARAHAP,Kab. Rokan Hulu
SUM-SU-TJB-0001,-,2026-04-29,2.9589,99.8148,NS-Siantar Sidempuan,50 Pcs,PAUL TULUS HUTAGALUNG,RINALDI RAJA SK,Kota Tanjung Balai
SUM-AC-KTN-0002,-,2026-04-29,3.3357,97.8889,NS-NAD,50 Pcs,AYUB HARIYONO,SUHEYMI,Kab. Aceh Tenggara
SUM-RI-PRP-0020,-,2026-04-28,0.888438889,100.1976694,NS-Riau,50 Pcs,AHMAD JAZULI,SYAHRU RAMADHAN ARIFIN HARAHAP,Kab. Rokan Hulu
SUM-SU-KIS-0012,TANAH_RAKYAT_ASAHAN,2025-12-26,2.96,99.5556,NS-Siantar Sidempuan,50 Pcs,PAUL TULUS HUTAGALUNG,RINALDI RAJA SK,Kab. Asahan
SUM-AC-JTH-0002,MEUNASAH_MANYANG_LG,2026-05-05,5.4609,95.443,NS-NAD,50 Pcs,AYUB HARIYONO,DOLLY AULIA,Kab. Aceh Besar
SUM-AC-SKM-0005,COT_KUMBANG,2025-12-22,4.1037,96.3086,NS-NAD,50 Pcs,AYUB HARIYONO,SUHEYMI,Kab. Nagan Raya
SUM-RI-TLK-0013,PULAU_PADANG,2025-11-28,-0.406088889,101.3270444,NS-Riau,50 Pcs,AHMAD JAZULI,SYAHRU RAMADHAN ARIFIN HARAHAP,Kab. Kuantan Singingi
SUM-SU-KIS-0025,SILAU_MARAJA,2025-11-20,2.9706,99.5053,NS-Siantar Sidempuan,50 Pcs,PAUL TULUS HUTAGALUNG,RINALDI RAJA SK,Kab. Asahan
SUM-SU-PSP-0025,-,2026-04-13,1.6406,99.3079,NS-Siantar Sidempuan,50 Pcs,PAUL TULUS HUTAGALUNG,Vacant,Kab. Tapanuli Selatan
SUM-RI-BKN-0095,DESA_INTAN_JAYA,2026-01-17,0.8095,100.7281,NS-Riau,50 Pcs,AHMAD JAZULI,SYAHRU RAMADHAN ARIFIN HARAHAP,Kab. Kampar
SUM-AC-KRB-0018,HARUMSA,2025-11-17,4.2337,97.9191,NS-NAD,50 Pcs,AYUB HARIYONO,SYAFRIZAL,Kab. Aceh Tamiang
SUM-RI-BKN-0062,GUNUNGSAHILAN,2026-03-03,0.089069444,101.2910278,NS-Riau,50 Pcs,AHMAD JAZULI,SYAHRU RAMADHAN ARIFIN HARAHAP,Kab. Kampar
SUM-SU-SRH-0016,DOLOK_MASIHUL,2025-12-26,3.3711,99.0427,NS-Siantar Sidempuan,50 Pcs,PAUL TULUS HUTAGALUNG,Vacant SDB,Kab. Serdang Bedagai
SUM-RI-TLK-0005,-,2026-03-31,-0.6333,101.4747889,NS-Riau,50 Pcs,AHMAD JAZULI,SYAHRU RAMADHAN ARIFIN HARAHAP,Kab. Kuantan Singingi
SUM-SU-AKK-0025,ADIAN_TOROP,2025-12-14,2.4343,99.7677,NS-Siantar Sidempuan,50 Pcs,PAUL TULUS HUTAGALUNG,RAMA PRAYOGA,Kab. LabuhanBatu Utara
SUM-AC-STR-0005,SIMPANGTERETIET,2025-11-09,4.6844,96.833,NS-NAD,50 Pcs,AYUB HARIYONO,ISWADI,Kab. Bener Meriah
SUM-AC-MRN-0006,SIBLAH_COH_ULIM,2026-04-26,5.2372,96.236,NS-NAD,50 Pcs,AYUB HARIYONO,DOLLY AULIA,Kab. Pidie Jaya
SUM-RI-BKN-0102,TANDAN_SARI_,2026-04-02,0.877319444,101.1416806,NS-Riau,50 Pcs,AHMAD JAZULI,SYAHRU RAMADHAN ARIFIN HARAHAP,Kab. Kampar
SUM-SU-KIS-0042,DESA_RAWASARI,2025-12-31,2.6484,99.7399,NS-Siantar Sidempuan,50 Pcs,PAUL TULUS HUTAGALUNG,RINALDI RAJA SK,Kab. Asahan
SUM-SU-SBH-0006,SIAGA,2026-02-02,0.9719,100.0855,NS-Siantar Sidempuan,50 Pcs,PAUL TULUS HUTAGALUNG,Vacant,Kab. Padang Lawas
SUM-SU-AKK-0045,PANGKATAN_LABUAN,2025-12-31,2.3278,100.1205,NS-Siantar Sidempuan,50 Pcs,PAUL TULUS HUTAGALUNG,RAMA PRAYOGA,Kab. Labuhanbatu
SUM-AC-SGI-0013,TUHALALA,2025-11-24,5.2815,95.8968,NS-NAD,50 Pcs,AYUB HARIYONO,DOLLY AULIA,Kab. Pidie
SUM-AC-STR-0006,WNOSOBO,2025-11-14,4.7125,96.816,NS-NAD,50 Pcs,AYUB HARIYONO,ISWADI,Kab. Bener Meriah
SUM-SU-PSP-0009,TULANGJULU,2025-12-24,1.2121,99.369,NS-Siantar Sidempuan,50 Pcs,PAUL TULUS HUTAGALUNG,Vacant,Kab. Tapanuli Selatan
SUM-SU-PMS-0042,MARIAH,2025-11-23,2.902,98.8353,NS-Siantar Sidempuan,50 Pcs,PAUL TULUS HUTAGALUNG,CRISSANTI MIKA A P,Kab. Simalungun
SUM-AC-BIR-0033,-,2026-03-11,5.1598,96.4595,NS-NAD,50 Pcs,AYUB HARIYONO,ISWADI,Kab. Bireuen
SUM-AC-LGS-0039,PONDOK_4_KELAPA,2026-01-26,4.4868,97.9325,NS-NAD,50 Pcs,AYUB HARIYONO,SYAFRIZAL,Kota Langsa
SUM-RI-PKK-0011,UKUI_I_PANGKALAN_KURAS,2026-03-18,-0.141552778,102.1715778,NS-Riau,50 Pcs,AHMAD JAZULI,MENILA LAHAGU,Kab. Pelalawan
SUM-SU-PMS-0046,RAJA_SIMALUNGUN,2025-11-04,2.8201,99.0799,NS-Siantar Sidempuan,50 Pcs,PAUL TULUS HUTAGALUNG,CRISSANTI MIKA A P,Kab. Simalungun
SUM-SU-SBG-0002,PISANG_MASAK,2026-01-29,1.9377,98.5959,NS-Siantar Sidempuan,50 Pcs,PAUL TULUS HUTAGALUNG,ADDINA FADILA JAMBAK,Kab. Tapanuli Tengah
SUM-RI-RGT-0003,DANAU_BARU_RENGAT_BARAT,2026-01-31,-0.412261111,102.3937528,NS-Riau,50 Pcs,AHMAD JAZULI,SANDHY ADITIA,Kab. Indragiri Hulu
SUM-AC-LSK-0071,-,2026-03-19,5.0519,97.1913,NS-NAD,50 Pcs,AYUB HARIYONO,ISWADI,Kab. Aceh Utara
SUM-SU-PSP-0011,-,2026-03-09,1.4549,99.1309,NS-Siantar Sidempuan,50 Pcs,PAUL TULUS HUTAGALUNG,Vacant,Kab. Tapanuli Selatan
SUM-RI-PRP-0009,TRANPOL_PEMATANG_TEBIH,2026-01-06,0.737638889,100.5293889,NS-Riau,50 Pcs,AHMAD JAZULI,SYAHRU RAMADHAN ARIFIN HARAHAP,Kab. Rokan Hulu
SUM-AC-LSK-0059,YAYASAN_KAFILUL_YATIM,2026-02-06,4.9952,97.2748,NS-NAD,50 Pcs,AYUB HARIYONO,ISWADI,Kab. Aceh Utara
SUM-SU-SBH-0013,HALBATU,2025-11-22,1.3566,99.7657,NS-Siantar Sidempuan,50 Pcs,PAUL TULUS HUTAGALUNG,Vacant,Kab. Padang Lawas
SUM-RI-BKN-0094,GADING_SARI_TAPUNG,2025-12-30,0.627647222,101.099725,NS-Riau,50 Pcs,AHMAD JAZULI,SYAHRU RAMADHAN ARIFIN HARAHAP,Kab. Kampar
SUM-RI-PRP-0028,BATANG_KUMU_TAMBUSAI,2026-03-03,1.3723,100.3599694,NS-Riau,50 Pcs,AHMAD JAZULI,SYAHRU RAMADHAN ARIFIN HARAHAP,Kab. Rokan Hulu
SUM-SU-AKK-0053,BILAH_HULU,2025-11-21,2.0754,99.9838,NS-Siantar Sidempuan,50 Pcs,PAUL TULUS HUTAGALUNG,RAMA PRAYOGA,Kab. Labuhanbatu
SUM-SU-PMS-0048,SUGARANG_BAYU,2025-11-19,3.2309,99.3137,NS-Siantar Sidempuan,50 Pcs,PAUL TULUS HUTAGALUNG,CRISSANTI MIKA A P,Kab. Simalungun
SUM-SU-AKK-0050,PULO_PADANG_BATU,2025-11-27,2.0655,100.025,NS-Siantar Sidempuan,50 Pcs,PAUL TULUS HUTAGALUNG,RAMA PRAYOGA,Kab. Labuhanbatu
SUM-SU-KIS-0031,-,2026-02-14,2.959,99.7319,NS-Siantar Sidempuan,50 Pcs,PAUL TULUS HUTAGALUNG,RINALDI RAJA SK,Kab. Asahan
SUM-SU-TRT-0008,-,2026-04-23,1.9971,99.1041,NS-Siantar Sidempuan,50 Pcs,PAUL TULUS HUTAGALUNG,RAYMOND DIAZ SITORUS,Kab. Tapanuli Utara
SUM-AC-LSK-0040,GEUDUBANG_COT_GIREK,2026-01-21,4.9093,97.3747,NS-NAD,50 Pcs,AYUB HARIYONO,ISWADI,Kab. Aceh Utara
SUM-RI-RGT-0018,PUNTIANAI,2026-01-05,-0.756288889,102.2554111,NS-Riau,50 Pcs,AHMAD JAZULI,SANDHY ADITIA,Kab. Indragiri Hulu
SUM-AC-LSK-0072,-,2026-03-10,5.1143,96.8808,NS-NAD,50 Pcs,AYUB HARIYONO,ISWADI,Kab. Aceh Utara
SUM-AC-LSK-0016,PAYA_LUENG_JALO,2026-02-08,4.9715,97.2799,NS-NAD,50 Pcs,AYUB HARIYONO,ISWADI,Kab. Aceh Utara
SUM-SU-PSP-0029,UPT_RIANIATE_I,2026-04-30,1.4358,98.9294,NS-Siantar Sidempuan,50 Pcs,PAUL TULUS HUTAGALUNG,Vacant,Kab. Tapanuli Selatan
SUM-SU-SRH-0022,KOTA_RIH,2026-01-03,3.3228,98.8589,NS-Siantar Sidempuan,50 Pcs,PAUL TULUS HUTAGALUNG,Vacant SDB,Kab. Serdang Bedagai
SUM-AC-STR-0001,-,2026-03-04,4.6936,96.7989,NS-NAD,50 Pcs,AYUB HARIYONO,ISWADI,Kab. Bener Meriah
SUM-AC-LSK-0029,-,2026-04-16,5.1138,97.3391,NS-NAD,50 Pcs,AYUB HARIYONO,ISWADI,Kab. Aceh Utara
SUM-AC-KRB-0011,-,2026-02-25,4.2724,98.1497,NS-NAD,50 Pcs,AYUB HARIYONO,SYAFRIZAL,Kab. Aceh Tamiang
SUM-AC-LSK-0069,CEUMPEUDAK_DUE,2026-01-22,5.098,97.0921,NS-NAD,50 Pcs,AYUB HARIYONO,ISWADI,Kab. Aceh Utara
SUM-AC-BIR-0035,PALOH_P,2025-11-12,5.1821,96.8299,NS-NAD,50 Pcs,AYUB HARIYONO,ISWADI,Kab. Bireuen
SUM-AC-SKM-0010,KARANG_ANYAR_PESONA,2026-01-06,3.9782,96.5428,NS-NAD,50 Pcs,AYUB HARIYONO,SUHEYMI,Kab. Nagan Raya
SUM-SU-PSP-0014,JANJI_MAULI_SIPIROK,2026-04-06,1.5639,99.2846,NS-Siantar Sidempuan,50 Pcs,PAUL TULUS HUTAGALUNG,Vacant,Kab. Tapanuli Selatan
SUM-SU-SRH-0006,KANTOR_DESA_BAJA_RONGGI,2025-12-26,3.3768,98.984,NS-Siantar Sidempuan,50 Pcs,PAUL TULUS HUTAGALUNG,Vacant SDB,Kab. Serdang Bedagai
SUM-SU-SBG-0013,HUTAGURGUR DUO,2026-01-11,1.5522,98.9678,NS-Siantar Sidempuan,50 Pcs,PAUL TULUS HUTAGALUNG,ADDINA FADILA JAMBAK,Kab. Tapanuli Tengah
SUM-RI-PKK-0028,SOTUL_LANGGAM,2026-02-20,0.208647222,101.6355694,NS-Riau,50 Pcs,AHMAD JAZULI,MENILA LAHAGU,Kab. Pelalawan
SUM-AC-LSK-0035,RISEH,2025-11-14,5.0799,96.8856,NS-NAD,50 Pcs,AYUB HARIYONO,ISWADI,Kab. Aceh Utara
SUM-AC-BIR-0025,BLARH,2025-11-04,5.1887,96.684,NS-NAD,50 Pcs,AYUB HARIYONO,ISWADI,Kab. Bireuen
SUM-RI-BKN-0121,-,2026-04-15,0.435580556,100.9677611,NS-Riau,50 Pcs,AHMAD JAZULI,SYAHRU RAMADHAN ARIFIN HARAHAP,Kab. Kampar
SUM-RI-PRP-0050,SUKADAMAI_MAHATO,2026-01-29,1.370238889,100.3850611,NS-Riau,50 Pcs,AHMAD JAZULI,SYAHRU RAMADHAN ARIFIN HARAHAP,Kab. Rokan Hulu
SUM-RI-PRP-0076,-,2026-03-17,0.857030556,100.4454111,NS-Riau,50 Pcs,AHMAD JAZULI,SYAHRU RAMADHAN ARIFIN HARAHAP,Kab. Rokan Hulu
SUM-RI-PRP-0017,MUARA_DILAH,2026-02-22,1.004280556,100.6951111,NS-Riau,50 Pcs,AHMAD JAZULI,SYAHRU RAMADHAN ARIFIN HARAHAP,Kab. Rokan Hulu
SUM-SU-PYB-0001,AEK_BANIR,2025-11-23,0.768,99.6187,NS-Siantar Sidempuan,50 Pcs,PAUL TULUS HUTAGALUNG,RAMA PRAYOGA,Kab. Mandailing Natal
SUM-SU-TRT-0009,ONAN_RUNGGU_I_SIPAHUTAR,2026-04-29,2.0469,99.1276,NS-Siantar Sidempuan,50 Pcs,PAUL TULUS HUTAGALUNG,RAYMOND DIAZ SITORUS,Kab. Tapanuli Utara
SUM-SU-SRH-0008,NAGARAJA_I,2025-12-28,3.1285,99.0267,NS-Siantar Sidempuan,50 Pcs,PAUL TULUS HUTAGALUNG,Vacant SDB,Kab. Serdang Bedagai
SUM-AC-SUS-0003,-,2026-03-26,2.6187,98.0448,NS-NAD,50 Pcs,AYUB HARIYONO,SUHEYMI,Kota Subulussalam
SUM-AC-SKM-0007,-,2025-12-28,4.085,96.2731,NS-NAD,50 Pcs,AYUB HARIYONO,SUHEYMI,Kab. Nagan Raya
SUM-SU-SBH-0012,SGUNDI,2025-12-07,1.493,99.877,NS-Siantar Sidempuan,50 Pcs,PAUL TULUS HUTAGALUNG,Vacant,Kab. Padang Lawas
SUM-RI-RGT-0031,PULAU_SENGKILO_BUMDES,2026-05-08,-0.54135,102.0417806,NS-Riau,50 Pcs,AHMAD JAZULI,SANDHY ADITIA,Kab. Indragiri Hulu
SUM-AC-LSM-0006,UJPACU,2026-02-20,5.1998,97.0409,NS-NAD,50 Pcs,AYUB HARIYONO,ISWADI,Kota Lhokseumawe
SUM-AC-STR-0029,SUMBER_JAYA,2025-11-05,4.7689,96.7602,NS-NAD,50 Pcs,AYUB HARIYONO,ISWADI,Kab. Bener Meriah
SUM-SU-SBH-0015,-,2026-02-21,1.0419,99.7266,NS-Siantar Sidempuan,50 Pcs,PAUL TULUS HUTAGALUNG,Vacant,Kab. Padang Lawas
SUM-AC-SUS-0005,AIR_TERJUN_PENUNTUNGAN,2026-02-08,2.644,98.0339,NS-NAD,50 Pcs,AYUB HARIYONO,SUHEYMI,Kota Subulussalam
SUM-AC-LSK-0006,ULEE_GEUDONG,2026-01-10,5.2221,96.9647,NS-NAD,50 Pcs,AYUB HARIYONO,ISWADI,Kab. Aceh Utara
SUM-RI-PRP-0063,BONDAR_TAMBUSAI_HULU,2026-02-19,1.06695,100.2134889,NS-Riau,50 Pcs,AHMAD JAZULI,SYAHRU RAMADHAN ARIFIN HARAHAP,Kab. Rokan Hulu
SUM-AC-LSK-0066,SIMPANG_RAMBONG,2025-11-15,5.0823,96.9388,NS-NAD,50 Pcs,AYUB HARIYONO,ISWADI,Kab. Aceh Utara
SUM-SU-PYB-0012,-,2026-03-25,0.5243,99.3974,NS-Siantar Sidempuan,50 Pcs,PAUL TULUS HUTAGALUNG,RAMA PRAYOGA,Kab. Mandailing Natal
SUM-SU-AKK-0009,-,2026-04-30,2.2289,99.7506,NS-Siantar Sidempuan,50 Pcs,PAUL TULUS HUTAGALUNG,RAMA PRAYOGA,Kab. LabuhanBatu Utara
SUM-AC-SKM-0024,PEMKAB_NAGAN_RAYA,2025-12-28,4.1676,96.3241,NS-NAD,50 Pcs,AYUB HARIYONO,SUHEYMI,Kab. Nagan Raya
SUM-SU-BNJ-0010,-,2026-03-09,3.5921,98.47,NS-Medan Dairi,50 Pcs,JEFRIE,RISKY PRAYUDA,Kota Binjai
SUM-RI-TBH-0044,PUSTU_TELUK_KIAMBANG,2026-03-09,-0.529911111,102.8511694,NS-Riau,50 Pcs,AHMAD JAZULI,SANDHY ADITIA,Kab. Indragiri Hilir
SUM-RI-TBH-0039,KAMPUS_UNISI,2026-02-08,-0.358519444,103.1060806,NS-Riau,50 Pcs,AHMAD JAZULI,SANDHY ADITIA,Kab. Indragiri Hilir
SUM-SU-LBP-0030,DESAPAKUTEL,2025-12-21,3.3561,98.8785,NS-Medan Dairi,50 Pcs,JEFRIE,ANGGA BUCHARES TANAMAL,Kab. Deli Serdang
SUM-SU-SDK-0019,RANTE_BESI,2025-11-15,2.9864,98.1526,NS-Medan Dairi,50 Pcs,JEFRIE,AUDREY AGITA TARIGAN,Kab. Dairi
SUM-SU-SDK-0005,LAUMIL_TIGALINGGA,2026-01-06,2.9149,98.1924,NS-Medan Dairi,50 Pcs,JEFRIE,AUDREY AGITA TARIGAN,Kab. Dairi
SUM-AC-KRB-0024,TENGGULUN,2026-02-08,4.0603,97.9994,NS-NAD,50 Pcs,AYUB HARIYONO,SYAFRIZAL,Kab. Aceh Tamiang
SUM-SU-TRT-0005,LUMBAN_JAEAN_PAHAE,2025-11-05,1.8815,99.0536,NS-Siantar Sidempuan,50 Pcs,PAUL TULUS HUTAGALUNG,RAYMOND DIAZ SITORUS,Kab. Tapanuli Utara
SUM-SU-SBG-0010,-,2026-03-13,1.8654,98.6449,NS-Siantar Sidempuan,50 Pcs,PAUL TULUS HUTAGALUNG,ADDINA FADILA JAMBAK,Kab. Tapanuli Tengah
SUM-SU-PSP-0005,MUARA_HUTA_RAJA,2025-12-20,1.4354,98.9742,NS-Siantar Sidempuan,50 Pcs,PAUL TULUS HUTAGALUNG,Vacant,Kab. Tapanuli Selatan
SUM-SU-PSP-0015,-,2026-03-12,1.4291,99.0096,NS-Siantar Sidempuan,50 Pcs,PAUL TULUS HUTAGALUNG,Vacant,Kab. Tapanuli Selatan
SUM-SU-STB-0023,-,2026-03-06,4.2547,98.2039,NS-Medan Dairi,50 Pcs,JEFRIE,RISKY PRAYUDA,Kab. Langkat
SUM-RI-TLK-0012,RM_ANDA_LOGAS,2025-11-27,-0.474363889,101.4103111,NS-Riau,50 Pcs,AHMAD JAZULI,SYAHRU RAMADHAN ARIFIN HARAHAP,Kab. Kuantan Singingi
SUM-RI-BKN-0074,RIDAN_PERMAI,2026-04-28,0.278613889,101.0319861,NS-Riau,50 Pcs,AHMAD JAZULI,SYAHRU RAMADHAN ARIFIN HARAHAP,Kab. Kampar
SUM-RI-RGT-0009,SUNGAI_GUNTUNG_TENGAH,2026-02-22,-0.337730556,102.4969111,NS-Riau,50 Pcs,AHMAD JAZULI,SANDHY ADITIA,Kab. Indragiri Hulu
SUM-SU-KIS-0001,PULO_BANDRING,2025-11-06,2.9933,99.5584,NS-Siantar Sidempuan,50 Pcs,PAUL TULUS HUTAGALUNG,RINALDI RAJA SK,Kab. Asahan
SUM-SU-STB-0029,NAMOTONGAN,2025-12-28,3.452,98.2183,NS-Medan Dairi,50 Pcs,JEFRIE,RISKY PRAYUDA,Kab. Langkat
SUM-SU-KIS-0019,SEI_ALIM_HASAK,2025-11-12,2.9064,99.6322,NS-Siantar Sidempuan,50 Pcs,PAUL TULUS HUTAGALUNG,RINALDI RAJA SK,Kab. Asahan
SUM-SU-KIS-0038,TAMAN_SARI,2025-11-12,2.9952,99.5038,NS-Siantar Sidempuan,50 Pcs,PAUL TULUS HUTAGALUNG,RINALDI RAJA SK,Kab. Asahan
SUM-SU-KPI-0002,TANJUNG_MEDAN,2025-12-19,2.0382,100.1421,NS-Siantar Sidempuan,50 Pcs,PAUL TULUS HUTAGALUNG,RAMA PRAYOGA,Kab. Labuhanbatu Selatan
SUM-AC-LSK-0073,-,2026-03-19,5.049,97.2725,NS-NAD,50 Pcs,AYUB HARIYONO,ISWADI,Kab. Aceh Utara
SUM-AC-STR-0014,-,2026-03-19,4.814,96.9278,NS-NAD,50 Pcs,AYUB HARIYONO,ISWADI,Kab. Bener Meriah
SUM-AC-STR-0025,KENAWAT,2025-11-16,4.745,96.8887,NS-NAD,50 Pcs,AYUB HARIYONO,ISWADI,Kab. Bener Meriah
SUM-SU-LMP-0002,TANAHDATAR,2025-12-26,3.1096,99.4895,NS-Siantar Sidempuan,50 Pcs,PAUL TULUS HUTAGALUNG,RINALDI RAJA SK,Kab. Batu Bara
SUM-RI-PRP-0061,LUBUK_AGUNG,2026-01-22,0.354661111,100.8098611,NS-Riau,50 Pcs,AHMAD JAZULI,SYAHRU RAMADHAN ARIFIN HARAHAP,Kab. Rokan Hulu
SUM-SU-PYB-0014,DESA_AEK_RASO,2025-11-29,0.5883,99.3125,NS-Siantar Sidempuan,50 Pcs,PAUL TULUS HUTAGALUNG,RAMA PRAYOGA,Kab. Mandailing Natal
SUM-SU-KIS-0035,SLAUTUA,2025-11-07,2.9123,99.494,NS-Siantar Sidempuan,50 Pcs,PAUL TULUS HUTAGALUNG,RINALDI RAJA SK,Kab. Asahan
SUM-SU-PMS-0030,NAGORIMANCUK,2025-12-31,3.0021,99.2669,NS-Siantar Sidempuan,50 Pcs,PAUL TULUS HUTAGALUNG,CRISSANTI MIKA A P,Kab. Simalungun
SUM-RI-RGT-0013,KOTO_BARU_RAKIT_KULIM,2026-03-03,-0.519338889,102.1095111,NS-Riau,50 Pcs,AHMAD JAZULI,SANDHY ADITIA,Kab. Indragiri Hulu
SUM-AC-MRN-0005,TEUMANAH_MURNI,2025-12-22,5.2261,96.1585,NS-NAD,50 Pcs,AYUB HARIYONO,DOLLY AULIA,Kab. Pidie Jaya
SUM-SU-SBH-0002,-,2026-03-23,1.329,99.6516,NS-Siantar Sidempuan,50 Pcs,PAUL TULUS HUTAGALUNG,Vacant,Kab. Padang Lawas
SUM-RI-BKN-0100,KUALU,2026-02-28,0.41705,101.2143306,NS-Riau,50 Pcs,AHMAD JAZULI,SYAHRU RAMADHAN ARIFIN HARAHAP,Kab. Kampar
SUM-RI-RGT-0027,-,2026-05-10,-0.714776,102.268,NS-Riau,50 Pcs,AHMAD JAZULI,SANDHY ADITIA,Kab. Indragiri Hulu
SUM-SU-SRH-0001,-,2026-04-14,3.3855,98.9211,NS-Siantar Sidempuan,50 Pcs,PAUL TULUS HUTAGALUNG,Vacant SDB,Kab. Serdang Bedagai
SUM-RI-PRP-0010,KUMU_BARU,2026-01-22,0.966061111,100.3153889,NS-Riau,50 Pcs,AHMAD JAZULI,SYAHRU RAMADHAN ARIFIN HARAHAP,Kab. Rokan Hulu
SUM-AC-BIR-0029,MEUNASAH_ARON_MUARA_BATU,2026-02-23,5.2013,96.885,NS-NAD,50 Pcs,AYUB HARIYONO,ISWADI,Kab. Bireuen
SUM-SU-GNT-0034,-,2025-12-31,1.9704,99.8266,NS-Siantar Sidempuan,50 Pcs,PAUL TULUS HUTAGALUNG,Vacant,Kab. Padang Lawas Utara
SUM-AC-LSK-0026,BABUSSALAM,2025-11-10,4.9958,97.4434,NS-NAD,50 Pcs,AYUB HARIYONO,ISWADI,Kab. Aceh Utara
SUM-RI-BKN-0120,-,2026-04-30,0.379580556,100.7697306,NS-Riau,50 Pcs,AHMAD JAZULI,SYAHRU RAMADHAN ARIFIN HARAHAP,Kab. Kampar
SUM-SU-SBH-0009,KUTAMBARU,2025-12-11,0.9659,100.1263,NS-Siantar Sidempuan,50 Pcs,PAUL TULUS HUTAGALUNG,Vacant,Kab. Padang Lawas
SUM-RI-BLS-0006,-,2026-05-06,1.750330556,101.6946806,NS-Kepulauan Riau Dumai,50 Pcs,MUHAMMAD IKHLAS,EVY MARANATHA,Kab. Bengkalis
SUM-AC-LSK-0018,-,2026-02-02,4.875,97.4505,NS-NAD,50 Pcs,AYUB HARIYONO,ISWADI,Kab. Aceh Utara
SUM-SU-KIS-0023,PADANG_MAHONDANG,2025-11-12,2.7379,99.6962,NS-Siantar Sidempuan,50 Pcs,PAUL TULUS HUTAGALUNG,RINALDI RAJA SK,Kab. Asahan
SUM-SU-AKK-0029,PANGKALAN DUO,2025-11-06,2.4272,99.7334,NS-Siantar Sidempuan,50 Pcs,PAUL TULUS HUTAGALUNG,RAMA PRAYOGA,Kab. LabuhanBatu Utara
SUM-SU-SBH-0022,GUNUNG_MANAON,2025-12-26,1.3805,99.7736,NS-Siantar Sidempuan,50 Pcs,PAUL TULUS HUTAGALUNG,Vacant,Kab. Padang Lawas
SUM-AC-SKM-0009,SUKAMULIA_MAKMUR,2025-12-31,3.9594,96.5366,NS-NAD,50 Pcs,AYUB HARIYONO,SUHEYMI,Kab. Nagan Raya
SUM-RI-TBH-0042,PEMDA_MESJID_RAYA,2026-01-29,-0.514861111,103.3871139,NS-Riau,50 Pcs,AHMAD JAZULI,SANDHY ADITIA,Kab. Indragiri Hilir
SUM-SU-AKK-0034,PULO_PADANG,2025-12-23,2.3877,100.0891,NS-Siantar Sidempuan,50 Pcs,PAUL TULUS HUTAGALUNG,RAMA PRAYOGA,Kab. Labuhanbatu
SUM-AC-STR-0017,SIMPANG_LANCANG,2026-02-10,4.8621,96.7437,NS-NAD,50 Pcs,AYUB HARIYONO,ISWADI,Kab. Bener Meriah
SUM-SU-PMS-0045,DS_PENGKOLAN,2025-12-21,3.0699,99.4114,NS-Siantar Sidempuan,50 Pcs,PAUL TULUS HUTAGALUNG,CRISSANTI MIKA A P,Kab. Simalungun
SUM-AC-LSK-0031,BLANG_POHROH,2025-12-31,5.1104,96.9932,NS-NAD,50 Pcs,AYUB HARIYONO,ISWADI,Kab. Aceh Utara
SUM-RI-BKN-0071,KAMPUNG_PINANG,2026-01-29,0.370780556,101.4839306,NS-Riau,50 Pcs,AHMAD JAZULI,SYAHRU RAMADHAN ARIFIN HARAHAP,Kab. Kampar
SUM-SU-LBP-0028,-,2026-05-10,3.4435,98.634,NS-Medan Dairi,50 Pcs,JEFRIE,ANGGA BUCHARES TANAMAL,Kab. Deli Serdang
SUM-AC-KRB-0012,DUSUN_SIDOMULYO,2026-02-13,4.2037,97.9479,NS-NAD,50 Pcs,AYUB HARIYONO,SYAFRIZAL,Kab. Aceh Tamiang
SUM-SU-GNT-0023,-,2026-02-10,1.8145,99.7944,NS-Siantar Sidempuan,50 Pcs,PAUL TULUS HUTAGALUNG,Vacant,Kab. Padang Lawas Utara
SUM-SU-SBG-0017,SARAGIH_KPD,2026-01-13,2.2254,98.1936,NS-Siantar Sidempuan,50 Pcs,PAUL TULUS HUTAGALUNG,ADDINA FADILA JAMBAK,Kab. Tapanuli Tengah
SUM-SU-PYB-0009,TRANSMINI_BATAHAN,2026-01-30,0.3932,99.234,NS-Siantar Sidempuan,50 Pcs,PAUL TULUS HUTAGALUNG,RAMA PRAYOGA,Kab. Mandailing Natal
SUM-SU-TRT-0028,-,2026-02-28,2.2176,99.0081,NS-Siantar Sidempuan,50 Pcs,PAUL TULUS HUTAGALUNG,RAYMOND DIAZ SITORUS,Kab. Tapanuli Utara
SUM-RI-BKN-0081,DOMO,2026-04-15,-0.114869444,101.1014194,NS-Riau,50 Pcs,AHMAD JAZULI,SYAHRU RAMADHAN ARIFIN HARAHAP,Kab. Kampar
SUM-RI-BLS-0035,HULUPULAU,2026-01-24,1.49645,102.2633222,NS-Kepulauan Riau Dumai,50 Pcs,MUHAMMAD IKHLAS,EVY MARANATHA,Kab. Bengkalis
SUM-SU-TRT-0020,SABUNGAN_NIHUTA_IV,2025-12-04,2.1305,99.1298,NS-Siantar Sidempuan,50 Pcs,PAUL TULUS HUTAGALUNG,RAYMOND DIAZ SITORUS,Kab. Tapanuli Utara
SUM-SU-SBG-0019,-,2026-03-16,2.0442,98.423,NS-Siantar Sidempuan,50 Pcs,PAUL TULUS HUTAGALUNG,ADDINA FADILA JAMBAK,Kab. Tapanuli Tengah
SUM-SU-LBP-0035,PENUNGKIREN_PENEN,2026-03-27,3.3006,98.6427,NS-Medan Dairi,50 Pcs,JEFRIE,ANGGA BUCHARES TANAMAL,Kab. Deli Serdang
SUM-SU-KIS-0029,PERBANGUNAN,2025-11-26,2.8356,99.8504,NS-Siantar Sidempuan,50 Pcs,PAUL TULUS HUTAGALUNG,RINALDI RAJA SK,Kab. Asahan
SUM-SU-STB-0020,TANJUNG_LENGGANG,2025-11-01,3.5489,98.2596,NS-Medan Dairi,50 Pcs,JEFRIE,RISKY PRAYUDA,Kab. Langkat
SUM-SU-AKK-0031,UTARA_SIMANDULANG,2025-11-29,2.8368,99.9729,NS-Siantar Sidempuan,50 Pcs,PAUL TULUS HUTAGALUNG,RAMA PRAYOGA,Kab. LabuhanBatu Utara
SUM-SU-KIS-0027,POHANMERANTI,2025-12-31,2.592,99.4363,NS-Siantar Sidempuan,50 Pcs,PAUL TULUS HUTAGALUNG,RINALDI RAJA SK,Kab. Asahan
SUM-RI-PRP-0071,KEPENUHANHILIR,2025-12-22,1.077369444,100.6495694,NS-Riau,50 Pcs,AHMAD JAZULI,SYAHRU RAMADHAN ARIFIN HARAHAP,Kab. Rokan Hulu
SUM-RI-PKK-0001,TAMBAK_RAMBUTAN,2026-02-10,0.234488889,101.6872,NS-Riau,50 Pcs,AHMAD JAZULI,MENILA LAHAGU,Kab. Pelalawan
SUM-RI-RGT-0032,RINGIN_SEBERIDA,2026-04-06,-0.703194444,102.522475,NS-Riau,50 Pcs,AHMAD JAZULI,SANDHY ADITIA,Kab. Indragiri Hulu
SUM-RI-TLK-0014,SUMBER_JAYA_KUANSING,2026-04-10,-0.228919444,101.4386306,NS-Riau,50 Pcs,AHMAD JAZULI,SYAHRU RAMADHAN ARIFIN HARAHAP,Kab. Kuantan Singingi
SUM-RI-TBH-0025,BAITULGHAFUR_BATU_AMPAR,2026-02-28,-0.939480556,102.7112806,NS-Riau,50 Pcs,AHMAD JAZULI,SANDHY ADITIA,Kab. Indragiri Hilir
SUM-SU-TRT-0010,-,2026-03-18,2.1647,99.0996,NS-Siantar Sidempuan,50 Pcs,PAUL TULUS HUTAGALUNG,RAYMOND DIAZ SITORUS,Kab. Tapanuli Utara
SUM-SU-KIS-0036,SIJABUT_TERATAI,2025-12-07,2.8926,99.641,NS-Siantar Sidempuan,50 Pcs,PAUL TULUS HUTAGALUNG,RINALDI RAJA SK,Kab. Asahan
SUM-SU-PSP-0007,SIHUIK_KUIK,2026-01-22,1.3561,99.1635,NS-Siantar Sidempuan,50 Pcs,PAUL TULUS HUTAGALUNG,Vacant,Kab. Tapanuli Selatan
SUM-AC-BIR-0021,REP_SIMPANG_JAYA,2026-01-29,5.1182,96.6735,NS-NAD,50 Pcs,AYUB HARIYONO,ISWADI,Kab. Bireuen
SUM-SU-SBH-0020,GADING DUO,2025-11-12,1.3394,99.6835,NS-Siantar Sidempuan,50 Pcs,PAUL TULUS HUTAGALUNG,Vacant,Kab. Padang Lawas
SUM-RI-BKN-0109,-,2026-04-09,0.133911111,101.3976306,NS-Riau,50 Pcs,AHMAD JAZULI,SYAHRU RAMADHAN ARIFIN HARAHAP,Kab. Kampar
SUM-SU-PMS-0053,-,2026-03-11,3.1347,99.3004,NS-Siantar Sidempuan,50 Pcs,PAUL TULUS HUTAGALUNG,CRISSANTI MIKA A P,Kab. Simalungun
SUM-SU-GNT-0026,PAOLAN,2025-11-14,1.5789,99.7686,NS-Siantar Sidempuan,50 Pcs,PAUL TULUS HUTAGALUNG,Vacant,Kab. Padang Lawas Utara
SUM-RI-RGT-0042,DESAREDANG,2026-03-11,-0.334769444,102.4326806,NS-Riau,50 Pcs,AHMAD JAZULI,SANDHY ADITIA,Kab. Indragiri Hulu
SUM-SU-GNT-0018,BARGOTTOPONGJAE,2025-12-27,1.6716,99.7765,NS-Siantar Sidempuan,50 Pcs,PAUL TULUS HUTAGALUNG,Vacant,Kab. Padang Lawas Utara
SUM-AC-MBO-0042,-,2026-05-07,4.1893,96.1364,NS-NAD,50 Pcs,AYUB HARIYONO,SUHEYMI,Kab. Aceh Barat
SUM-SU-PMS-0037,SARIMATONDANG,2025-12-21,2.8486,98.9531,NS-Siantar Sidempuan,50 Pcs,PAUL TULUS HUTAGALUNG,CRISSANTI MIKA A P,Kab. Simalungun
SUM-RI-TBH-0052,LAHANG_HULU,2026-05-06,-0.383119444,103.2693306,NS-Riau,50 Pcs,AHMAD JAZULI,SANDHY ADITIA,Kab. Indragiri Hilir
SUM-RI-RGT-0007,-,2026-03-29,-0.340769444,102.3451806,NS-Riau,50 Pcs,AHMAD JAZULI,SANDHY ADITIA,Kab. Indragiri Hulu
SUM-RI-TBH-0034,SANGLAR_RETEH,2026-03-04,-0.686758333,103.0370472,NS-Riau,50 Pcs,AHMAD JAZULI,SANDHY ADITIA,Kab. Indragiri Hilir
SUM-SU-SDK-0015,PERRIK_EMBUE,2025-11-05,2.8262,98.3153,NS-Medan Dairi,50 Pcs,JEFRIE,AUDREY AGITA TARIGAN,Kab. Dairi
SUM-AC-STR-0008,REMBELE,2025-11-12,4.7045,96.8399,NS-NAD,50 Pcs,AYUB HARIYONO,ISWADI,Kab. Bener Meriah
SUM-AC-MBO-0016,API_PULO_SEUNEUBOK,2026-01-21,4.1599,96.12,NS-NAD,50 Pcs,AYUB HARIYONO,SUHEYMI,Kab. Aceh Barat
SUM-RI-PRP-0075,TALIKUMAIN,2026-01-19,1.041002778,100.2672611,NS-Riau,50 Pcs,AHMAD JAZULI,SYAHRU RAMADHAN ARIFIN HARAHAP,Kab. Rokan Hulu
SUM-AC-BIR-0031,BLANG_PALA_PEUSANGAN,2026-02-05,5.1423,96.7037,NS-NAD,50 Pcs,AYUB HARIYONO,ISWADI,Kab. Bireuen
SUM-AC-KRB-0007,TANJUNG_MULIA,2025-11-19,4.3481,98.1665,NS-NAD,50 Pcs,AYUB HARIYONO,SYAFRIZAL,Kab. Aceh Tamiang
SUM-RI-TBH-0032,PENUNJANG_KEMUNING_TUA,2026-03-05,-0.87405,102.8082306,NS-Riau,50 Pcs,AHMAD JAZULI,SANDHY ADITIA,Kab. Indragiri Hilir
SUM-SU-SBH-0008,DESA_PIR_TRANS_SOSA,2025-11-14,0.9491,100.0281,NS-Siantar Sidempuan,50 Pcs,PAUL TULUS HUTAGALUNG,Vacant,Kab. Padang Lawas
SUM-SU-KIS-0034,URUNG_PANE,2025-12-20,2.949,99.5242,NS-Siantar Sidempuan,50 Pcs,PAUL TULUS HUTAGALUNG,RINALDI RAJA SK,Kab. Asahan
SUM-SU-SRH-0024,-,2026-04-26,3.3557,99.2419,NS-Siantar Sidempuan,50 Pcs,PAUL TULUS HUTAGALUNG,Vacant SDB,Kab. Serdang Bedagai
SUM-SU-SBH-0025,TANJUNG_BALE_SOSA,2026-03-09,1.0383,99.9269,NS-Siantar Sidempuan,50 Pcs,PAUL TULUS HUTAGALUNG,Vacant,Kab. Padang Lawas
SUM-SU-PSP-0024,PANOBASAN,2025-12-26,1.4414,99.1438,NS-Siantar Sidempuan,50 Pcs,PAUL TULUS HUTAGALUNG,Vacant,Kab. Tapanuli Selatan
SUM-SU-KIS-0017,SUMBER_HARAPAN,2025-12-09,2.9126,99.5936,NS-Siantar Sidempuan,50 Pcs,PAUL TULUS HUTAGALUNG,RINALDI RAJA SK,Kab. Asahan
SUM-AC-LSK-0010,COTGIREK,2025-11-22,4.9281,97.3702,NS-NAD,50 Pcs,AYUB HARIYONO,ISWADI,Kab. Aceh Utara
SUM-AC-SUS-0004,CIPAR_PARI,2025-12-31,2.7179,97.9606,NS-NAD,50 Pcs,AYUB HARIYONO,SUHEYMI,Kota Subulussalam
SUM-AC-LSK-0021,LANGKAHAN DUO,2026-02-03,4.8946,97.4365,NS-NAD,50 Pcs,AYUB HARIYONO,ISWADI,Kab. Aceh Utara
SUM-SU-PSP-0030,TEBING_TINGGI_SIBABANGUN,2026-02-11,1.4587,99.0102,NS-Siantar Sidempuan,50 Pcs,PAUL TULUS HUTAGALUNG,Vacant,Kab. Tapanuli Selatan
SUM-SU-SBH-0010,SANGKILON,2026-01-13,1.1219,99.7566,NS-Siantar Sidempuan,50 Pcs,PAUL TULUS HUTAGALUNG,Vacant,Kab. Padang Lawas
SUM-RI-BKN-0078,DESA_KUNTU,2026-04-15,-0.083913889,101.1444639,NS-Riau,50 Pcs,AHMAD JAZULI,SYAHRU RAMADHAN ARIFIN HARAHAP,Kab. Kampar
SUM-AC-BPD-0002,ABDYA_SAMARINDA,2026-02-14,3.9688,96.6523,NS-NAD,50 Pcs,AYUB HARIYONO,SUHEYMI,Kab. Aceh Barat Daya
SUM-SU-AKK-0027,MEMBANG_MUDA,2025-12-30,2.5523,99.6698,NS-Siantar Sidempuan,50 Pcs,PAUL TULUS HUTAGALUNG,RAMA PRAYOGA,Kab. LabuhanBatu Utara
SUM-SU-LBP-0012,KEBUN_SEI_KARANG,2025-12-30,3.4108,98.8821,NS-Medan Dairi,50 Pcs,JEFRIE,ANGGA BUCHARES TANAMAL,Kab. Deli Serdang
SUM-RI-PKK-0053,MEKARSARI_MAK_TEDUH,2026-03-31,0.033038889,102.3481889,NS-Riau,50 Pcs,AHMAD JAZULI,MENILA LAHAGU,Kab. Pelalawan
SUM-SU-KIS-0024,SILAU_LUBUK_PALAS,2025-11-04,2.9467,99.4941,NS-Siantar Sidempuan,50 Pcs,PAUL TULUS HUTAGALUNG,RINALDI RAJA SK,Kab. Asahan
SUM-SU-AKK-0022,AIR_HITAM,2025-12-03,2.69,99.8996,NS-Siantar Sidempuan,50 Pcs,PAUL TULUS HUTAGALUNG,RAMA PRAYOGA,Kab. LabuhanBatu Utara
SUM-SU-PMS-0028,-,2026-03-14,2.849,99.064,NS-Siantar Sidempuan,50 Pcs,PAUL TULUS HUTAGALUNG,CRISSANTI MIKA A P,Kab. Simalungun
SUM-RI-PRP-0074,KEPENUHAN_TENGAH,2026-01-22,1.163,100.5992389,NS-Riau,50 Pcs,AHMAD JAZULI,SYAHRU RAMADHAN ARIFIN HARAHAP,Kab. Rokan Hulu
SUM-SU-SRH-0023,PABATU_VI_DOLOK_MERAWAN,2026-04-30,3.2068,99.0612,NS-Siantar Sidempuan,50 Pcs,PAUL TULUS HUTAGALUNG,Vacant SDB,Kab. Serdang Bedagai
SUM-AC-STR-0023,BANDAR_LAMPAHAN,2026-04-29,4.7409,96.7809,NS-NAD,50 Pcs,AYUB HARIYONO,ISWADI,Kab. Bener Meriah
SUM-AC-BPD-0004,TAPAKTUAN_DARUL_HUDA,2026-01-06,3.8606,96.732,NS-NAD,50 Pcs,AYUB HARIYONO,SUHEYMI,Kab. Aceh Barat Daya
SUM-SU-AKK-0040,KALI_BENING,2026-03-23,2.006,99.8982,NS-Siantar Sidempuan,50 Pcs,PAUL TULUS HUTAGALUNG,RAMA PRAYOGA,Kab. Labuhanbatu
SUM-SU-PYB-0015,MUARA_PARLAMPUNGAN,2026-02-08,0.6742,99.3195,NS-Siantar Sidempuan,50 Pcs,PAUL TULUS HUTAGALUNG,RAMA PRAYOGA,Kab. Mandailing Natal
SUM-AC-MBO-0021,COT_SEUMEUREUNG,2025-11-21,4.2284,96.0674,NS-NAD,50 Pcs,AYUB HARIYONO,SUHEYMI,Kab. Aceh Barat
SUM-SU-PMS-0041,SAIT_BUTTU_SARIBU,2025-12-23,2.8102,98.8639,NS-Siantar Sidempuan,50 Pcs,PAUL TULUS HUTAGALUNG,CRISSANTI MIKA A P,Kab. Simalungun
SUM-RI-RGT-0041,SIBABAT,2026-02-11,-0.49505,102.3897778,NS-Riau,50 Pcs,AHMAD JAZULI,SANDHY ADITIA,Kab. Indragiri Hulu
SUM-RI-BKN-0058,SAM_TAPUNG,2026-03-31,0.816561111,100.8963806,NS-Riau,50 Pcs,AHMAD JAZULI,SYAHRU RAMADHAN ARIFIN HARAHAP,Kab. Kampar
SUM-AC-JTH-0001,BEURANDEH,2025-12-24,5.2804,95.6386,NS-NAD,50 Pcs,AYUB HARIYONO,DOLLY AULIA,Kab. Aceh Besar
SUM-AC-KTN-0004,-,2026-03-25,3.6721,97.6659,NS-NAD,50 Pcs,AYUB HARIYONO,SUHEYMI,Kab. Aceh Tenggara
SUM-AC-STR-0004,BENER_PEPANYI,2025-12-30,4.7854,96.9206,NS-NAD,50 Pcs,AYUB HARIYONO,ISWADI,Kab. Bener Meriah
SUM-RI-BKN-0101,DANAULANCANG,2026-04-09,0.805238889,100.9241611,NS-Riau,50 Pcs,AHMAD JAZULI,SYAHRU RAMADHAN ARIFIN HARAHAP,Kab. Kampar
SUM-SU-SBH-0033,-,2026-01-21,1.2139,99.7501,NS-Siantar Sidempuan,50 Pcs,PAUL TULUS HUTAGALUNG,Vacant,Kab. Padang Lawas
SUM-SU-SBH-0007,BINANGA_TOLU,2025-11-19,1.4473,99.8193,NS-Siantar Sidempuan,50 Pcs,PAUL TULUS HUTAGALUNG,Vacant,Kab. Padang Lawas
SUM-SU-STB-0014,KUALA_AIR_HITAM,2025-12-14,3.6891,98.4141,NS-Medan Dairi,50 Pcs,JEFRIE,RISKY PRAYUDA,Kab. Langkat
SUM-AC-STR-0010,BANDAR_SYIAH_UTAMA,2026-02-08,4.7584,96.9432,NS-NAD,50 Pcs,AYUB HARIYONO,ISWADI,Kab. Bener Meriah
SUM-RI-BLS-0010,TANJUNG_KAPAL,2026-04-06,1.754388889,101.4646806,NS-Kepulauan Riau Dumai,50 Pcs,MUHAMMAD IKHLAS,EVY MARANATHA,Kab. Bengkalis
SUM-AC-LSK-0065,ANTARA,2025-11-14,5.0805,96.9681,NS-NAD,50 Pcs,AYUB HARIYONO,ISWADI,Kab. Aceh Utara
SUM-RI-PKK-0043,MANDIAN_GAJAH,2026-02-14,0.217919444,102.1632,NS-Riau,50 Pcs,AHMAD JAZULI,MENILA LAHAGU,Kab. Pelalawan
SUM-SU-PYB-0004,-,2026-04-06,0.5409,99.3695,NS-Siantar Sidempuan,50 Pcs,PAUL TULUS HUTAGALUNG,RAMA PRAYOGA,Kab. Mandailing Natal
SUM-SU-SBH-0023,-,2025-12-29,1.4051,99.8186,NS-Siantar Sidempuan,50 Pcs,PAUL TULUS HUTAGALUNG,Vacant,Kab. Padang Lawas
SUM-AC-LSK-0028,KEUDE_KRUENG_GEUKUEH,2026-02-11,5.2139,96.9478,NS-NAD,50 Pcs,AYUB HARIYONO,ISWADI,Kab. Aceh Utara
SUM-RI-PKK-0056,RANGSANG,2026-01-29,0.287588889,102.2365889,NS-Riau,50 Pcs,AHMAD JAZULI,MENILA LAHAGU,Kab. Pelalawan
SUM-SU-DLS-0019,-,2026-04-18,2.1697,98.7962,NS-Siantar Sidempuan,50 Pcs,PAUL TULUS HUTAGALUNG,RAYMOND DIAZ SITORUS,Kab. Humbang Hasundutan
SUM-RI-RGT-0001,TITIAN_RESAK,2026-01-29,-0.534588889,102.3842389,NS-Riau,50 Pcs,AHMAD JAZULI,SANDHY ADITIA,Kab. Indragiri Hulu
SUM-SU-KPI-0008,SAMPEAN,2025-11-19,1.7737,99.7966,NS-Siantar Sidempuan,50 Pcs,PAUL TULUS HUTAGALUNG,RAMA PRAYOGA,Kab. Labuhanbatu Selatan
SUM-RI-BLS-0017,-,2026-04-20,1.2676063,101.0967093,NS-Kepulauan Riau Dumai,50 Pcs,MUHAMMAD IKHLAS,EVY MARANATHA,Kab. Bengkalis
SUM-SU-PMS-0044,TALUN_SERAGIH,2025-12-14,3.1098,99.4275,NS-Siantar Sidempuan,50 Pcs,PAUL TULUS HUTAGALUNG,CRISSANTI MIKA A P,Kab. Simalungun
SUM-SU-LBP-0007,KARANG_BERINGIN,2025-12-29,3.6093,98.8688,NS-Medan Dairi,50 Pcs,JEFRIE,ANGGA BUCHARES TANAMAL,Kab. Deli Serdang
SUM-AC-KRB-0029,-,2026-03-23,4.3042,98.0832,NS-NAD,50 Pcs,AYUB HARIYONO,SYAFRIZAL,Kab. Aceh Tamiang
SUM-AC-SKM-0021,BLANGMUKO,2025-12-23,4.1003,96.2861,NS-NAD,50 Pcs,AYUB HARIYONO,SUHEYMI,Kab. Nagan Raya
SUM-RI-RGT-0037,TANJUNG_BELUDU,2026-03-13,-0.460661111,102.0430611,NS-Riau,50 Pcs,AHMAD JAZULI,SANDHY ADITIA,Kab. Indragiri Hulu
SUM-SU-KIS-0011,LOBU_JIUR,2025-11-15,2.6513,99.5814,NS-Siantar Sidempuan,50 Pcs,PAUL TULUS HUTAGALUNG,RINALDI RAJA SK,Kab. Asahan
SUM-SU-SRH-0018,SIMPANG_EMPAT_GAHARAP,2026-01-02,3.4578,99.0461,NS-Siantar Sidempuan,50 Pcs,PAUL TULUS HUTAGALUNG,Vacant SDB,Kab. Serdang Bedagai
SUM-SU-GNT-0020,-,2026-04-12,1.5587,99.9544,NS-Siantar Sidempuan,50 Pcs,PAUL TULUS HUTAGALUNG,Vacant,Kab. Padang Lawas Utara
SUM-SU-GNT-0028,PT_ANJ_SIMANGAMBAT,2025-11-02,1.4827,99.9568,NS-Siantar Sidempuan,50 Pcs,PAUL TULUS HUTAGALUNG,Vacant,Kab. Padang Lawas Utara
SUM-AC-KRB-0030,-,2026-03-25,4.3127,98.0958,NS-NAD,50 Pcs,AYUB HARIYONO,SYAFRIZAL,Kab. Aceh Tamiang
SUM-SU-LBP-0022,BATU_LOKONG,2025-12-12,3.3586,98.766,NS-Medan Dairi,50 Pcs,JEFRIE,ANGGA BUCHARES TANAMAL,Kab. Deli Serdang
SUM-AC-STR-0016,BLANG_RAKAL,2025-11-02,4.9051,96.7384,NS-NAD,50 Pcs,AYUB HARIYONO,ISWADI,Kab. Bener Meriah
SUM-AC-SKM-0001,TERIPAJAYA,2025-12-31,4.0104,96.6039,NS-NAD,50 Pcs,AYUB HARIYONO,SUHEYMI,Kab. Nagan Raya
SUM-AC-LSK-0042,RAYEUK_PANGE,2026-02-10,5.019,97.2893,NS-NAD,50 Pcs,AYUB HARIYONO,ISWADI,Kab. Aceh Utara
SUM-AC-SKM-0017,-,2026-04-12,4.282,96.4326,NS-NAD,50 Pcs,AYUB HARIYONO,SUHEYMI,Kab. Nagan Raya
SUM-KR-BSB-0053,GUNUNG_KIJANG,2026-04-28,1.000377778,104.6052972,NS-Kepulauan Riau Dumai,50 Pcs,MUHAMMAD IKHLAS,FARIDA WATI,Kab. Bintan
SUM-RI-PRP-0056,-,2026-05-07,1.013,100.3754,NS-Riau,50 Pcs,AHMAD JAZULI,SYAHRU RAMADHAN ARIFIN HARAHAP,Kab. Rokan Hulu
SUM-SU-KPI-0015,AEK_BATU,2025-12-21,1.7166,100.1974,NS-Siantar Sidempuan,50 Pcs,PAUL TULUS HUTAGALUNG,RAMA PRAYOGA,Kab. Labuhanbatu Selatan
SUM-AC-BPD-0001,IEMIRAH,2025-12-19,3.9406,96.6745,NS-NAD,50 Pcs,AYUB HARIYONO,SUHEYMI,Kab. Aceh Barat Daya
SUM-AC-MBO-0008,LHOK_GUCI,2025-12-28,4.3666,96.2135,NS-NAD,50 Pcs,AYUB HARIYONO,SUHEYMI,Kab. Aceh Barat
SUM-AC-MBO-0039,-,2026-04-01,4.2789,95.9864,NS-NAD,50 Pcs,AYUB HARIYONO,SUHEYMI,Kab. Aceh Barat
SUM-SU-KIS-0041,PULAU_TANJUNG,2025-11-21,2.8048,99.6564,NS-Siantar Sidempuan,50 Pcs,PAUL TULUS HUTAGALUNG,RINALDI RAJA SK,Kab. Asahan
SUM-SU-STB-0034,MUSAM_BATANG_SERANGAN,2026-04-06,3.6227,98.129,NS-Medan Dairi,50 Pcs,JEFRIE,RISKY PRAYUDA,Kab. Langkat
SUM-RI-PRP-0073,MOMPA_MAHATO,2026-04-02,1.293019444,100.4118611,NS-Riau,50 Pcs,AHMAD JAZULI,SYAHRU RAMADHAN ARIFIN HARAHAP,Kab. Rokan Hulu
SUM-SU-SBH-0003,PADANG_HASIOR_LOMBANG,2026-03-11,1.4181,99.7632,NS-Siantar Sidempuan,50 Pcs,PAUL TULUS HUTAGALUNG,Vacant,Kab. Padang Lawas
SUM-SU-AKK-0017,SIDOREJO DUO,2026-01-08,1.9943,100.006,NS-Siantar Sidempuan,50 Pcs,PAUL TULUS HUTAGALUNG,RAMA PRAYOGA,Kab. Labuhanbatu
SUM-AC-MBO-0014,PULO_IE,2026-01-31,4.414,96.0494,NS-NAD,50 Pcs,AYUB HARIYONO,SUHEYMI,Kab. Aceh Barat
SUM-SU-PYB-0029,-,2026-03-25,0.4832,99.36838,NS-Siantar Sidempuan,50 Pcs,PAUL TULUS HUTAGALUNG,RAMA PRAYOGA,Kab. Mandailing Natal
SUM-SU-KIS-0002,AEK_BANGE_PULAU_RAKYAT,2026-03-03,2.59,99.58,NS-Siantar Sidempuan,50 Pcs,PAUL TULUS HUTAGALUNG,RINALDI RAJA SK,Kab. Asahan
SUM-SU-AKK-0036,PANGKATAN DUO,2025-11-08,2.1714,100.006,NS-Siantar Sidempuan,50 Pcs,PAUL TULUS HUTAGALUNG,RAMA PRAYOGA,Kab. Labuhanbatu
SUM-SU-SRH-0020,RIMBUN,2026-01-03,3.0753,98.9898,NS-Siantar Sidempuan,50 Pcs,PAUL TULUS HUTAGALUNG,Vacant SDB,Kab. Serdang Bedagai
SUM-AC-MBO-0010,LANGUNG_KAWAY_XVI,2026-02-21,4.219,96.0191,NS-NAD,50 Pcs,AYUB HARIYONO,SUHEYMI,Kab. Aceh Barat
SUM-SU-SRH-0009,BANGUN_REJO_TIGA,2025-11-19,3.3383,98.8676,NS-Siantar Sidempuan,50 Pcs,PAUL TULUS HUTAGALUNG,Vacant SDB,Kab. Serdang Bedagai
SUM-AC-SKM-0020,SUMBERBAKTI,2026-01-20,3.8481,96.4955,NS-NAD,50 Pcs,AYUB HARIYONO,SUHEYMI,Kab. Nagan Raya
SUM-AC-BIR-0032,-,2026-01-21,4.9885,96.6911,NS-NAD,50 Pcs,AYUB HARIYONO,ISWADI,Kab. Bireuen
SUM-SU-KIS-0026,MALAHA,2025-11-04,2.6883,99.3991,NS-Siantar Sidempuan,50 Pcs,PAUL TULUS HUTAGALUNG,RINALDI RAJA SK,Kab. Asahan
SUM-SU-PMS-0025,MALIGAS_TONGAH,2025-11-19,2.8565,99.1591,NS-Siantar Sidempuan,50 Pcs,PAUL TULUS HUTAGALUNG,CRISSANTI MIKA A P,Kab. Simalungun
SUM-SU-KPI-0016,GAJAH_SUMBER_SARI,2025-12-31,1.6744,100.2473,NS-Siantar Sidempuan,50 Pcs,PAUL TULUS HUTAGALUNG,RAMA PRAYOGA,Kab. Labuhanbatu Selatan
SUM-AC-LSK-0034,ALUEPAN,2025-11-03,5.1558,96.9822,NS-NAD,50 Pcs,AYUB HARIYONO,ISWADI,Kab. Aceh Utara
SUM-RI-RGT-0028,BOYA_SIMPANG_GRANIT,2026-02-22,-0.72375,102.62775,NS-Riau,50 Pcs,AHMAD JAZULI,SANDHY ADITIA,Kab. Indragiri Hulu
SUM-RI-TBH-0016,TUNAS_KARYA_JAYA,2026-04-14,-0.467811111,102.8727194,NS-Riau,50 Pcs,AHMAD JAZULI,SANDHY ADITIA,Kab. Indragiri Hilir
SUM-SU-AKK-0051,JANJIMANAHAN,2026-01-13,1.8072,99.8391,NS-Siantar Sidempuan,50 Pcs,PAUL TULUS HUTAGALUNG,RAMA PRAYOGA,Kab. Labuhanbatu
SUM-AC-MBO-0024,ALUE_RAYA,2026-01-16,4.2278,96.047,NS-NAD,50 Pcs,AYUB HARIYONO,SUHEYMI,Kab. Aceh Barat
SUM-AC-STR-0018,NANTARA,2025-11-16,4.9415,96.7173,NS-NAD,50 Pcs,AYUB HARIYONO,ISWADI,Kab. Bener Meriah
SUM-AC-STR-0012,-,2026-03-06,4.7232,96.8914,NS-NAD,50 Pcs,AYUB HARIYONO,ISWADI,Kab. Bener Meriah
SUM-RI-PRP-0072,TINGKOK,2026-02-25,1.08345,100.3350306,NS-Riau,50 Pcs,AHMAD JAZULI,SYAHRU RAMADHAN ARIFIN HARAHAP,Kab. Rokan Hulu
SUM-AC-KRB-0003,-,2026-04-04,4.3861,98.2099,NS-NAD,50 Pcs,AYUB HARIYONO,SYAFRIZAL,Kab. Aceh Tamiang
SUM-SU-LBP-0026,GUNUNG_MERIAH,2026-01-20,3.1326,98.6985,NS-Medan Dairi,50 Pcs,JEFRIE,ANGGA BUCHARES TANAMAL,Kab. Deli Serdang
SUM-RI-BLS-0029,SEBANGA_PENGETAMAN,2026-03-03,1.242669444,101.2503389,NS-Kepulauan Riau Dumai,50 Pcs,MUHAMMAD IKHLAS,EVY MARANATHA,Kab. Bengkalis
SUM-RI-PKK-0029,YSA_PENARIKAN,2026-03-04,0.177261111,101.8395306,NS-Riau,50 Pcs,AHMAD JAZULI,MENILA LAHAGU,Kab. Pelalawan
SUM-SU-SRH-0021,SIGIUTANTEL,2026-01-29,3.1125,98.9922,NS-Siantar Sidempuan,50 Pcs,PAUL TULUS HUTAGALUNG,Vacant SDB,Kab. Serdang Bedagai
SUM-SU-SRH-0010,SIMALAS DUO,2025-11-26,3.2413,99.0194,NS-Siantar Sidempuan,50 Pcs,PAUL TULUS HUTAGALUNG,Vacant SDB,Kab. Serdang Bedagai
SUM-AC-BPD-0008,LHUNG_GEULUMPANG,2026-01-15,3.7539,96.7765,NS-NAD,50 Pcs,AYUB HARIYONO,SUHEYMI,Kab. Aceh Barat Daya
SUM-RI-RGT-0006,SEI_PASIR_PUTIH,2026-02-10,-0.419419444,102.0991389,NS-Riau,50 Pcs,AHMAD JAZULI,SANDHY ADITIA,Kab. Indragiri Hulu
SUM-AC-KRB-0023,-,2026-02-27,4.2943,97.8825,NS-NAD,50 Pcs,AYUB HARIYONO,SYAFRIZAL,Kab. Aceh Tamiang
SUM-SU-SBH-0034,-,2026-01-02,0.9947,100.1268,NS-Siantar Sidempuan,50 Pcs,PAUL TULUS HUTAGALUNG,Vacant,Kab. Padang Lawas
SUM-AC-SKM-0013,ALUE_KAMBUEK_SEUNAGAN,2026-01-31,4.0834,96.4124,NS-NAD,50 Pcs,AYUB HARIYONO,SUHEYMI,Kab. Nagan Raya
SUM-SU-GNT-0009,-,2026-02-01,1.6171,100.0202,NS-Siantar Sidempuan,50 Pcs,PAUL TULUS HUTAGALUNG,Vacant,Kab. Padang Lawas Utara
SUM-RI-BLS-0008,BUMBUNG,2026-04-19,1.429727778,101.2657722,NS-Kepulauan Riau Dumai,50 Pcs,MUHAMMAD IKHLAS,EVY MARANATHA,Kab. Bengkalis
SUM-SU-SRH-0007,KAMPUNG_KRISTEN,2025-12-26,3.2946,98.9577,NS-Siantar Sidempuan,50 Pcs,PAUL TULUS HUTAGALUNG,Vacant SDB,Kab. Serdang Bedagai
SUM-SU-KIS-0039,AEK_NABUNTU_PULAU_RAKYAT,2026-03-06,2.6248,99.5925,NS-Siantar Sidempuan,50 Pcs,PAUL TULUS HUTAGALUNG,RINALDI RAJA SK,Kab. Asahan
SUM-RI-RGT-0005,SMPN4_PASIR_PENYU,2026-01-05,-0.376380556,102.3026389,NS-Riau,50 Pcs,AHMAD JAZULI,SANDHY ADITIA,Kab. Indragiri Hulu
SUM-AC-LSK-0022,GAMPONG_ALUE_PAPEUN,2025-11-17,5.0796,96.9871,NS-NAD,50 Pcs,AYUB HARIYONO,ISWADI,Kab. Aceh Utara
SUM-SU-SBH-0035,-,2025-12-19,1.2746,99.7156,NS-Siantar Sidempuan,50 Pcs,PAUL TULUS HUTAGALUNG,Vacant,Kab. Padang Lawas
SUM-AC-SUS-0001,LAE_MOTONG,2025-11-27,2.5951,98.0398,NS-NAD,50 Pcs,AYUB HARIYONO,SUHEYMI,Kota Subulussalam
SUM-AC-KRB-0022,-,2026-02-08,4.2392,97.9469,NS-NAD,50 Pcs,AYUB HARIYONO,SYAFRIZAL,Kab. Aceh Tamiang
SUM-AC-SUS-0008,N3T_DESA_DASAN_RAJA,2026-02-08,2.6106,98.0209,NS-NAD,50 Pcs,AYUB HARIYONO,SUHEYMI,Kota Subulussalam
SUM-RI-BKN-0133,-,2026-04-22,0.784465,100.887371,NS-Riau,50 Pcs,AHMAD JAZULI,SYAHRU RAMADHAN ARIFIN HARAHAP,Kab. Kampar
SUM-AC-KTN-0016,-,2026-04-15,3.3485,97.8693,NS-NAD,50 Pcs,AYUB HARIYONO,SUHEYMI,Kab. Aceh Tenggara
SUM-SU-PMS-0055,-,2026-04-06,3.0733,99.4936,NS-Siantar Sidempuan,50 Pcs,PAUL TULUS HUTAGALUNG,CRISSANTI MIKA A P,Kab. Simalungun
SUM-SU-KIS-0014,PADANG_PULAU,2025-12-07,2.6734,99.4599,NS-Siantar Sidempuan,50 Pcs,PAUL TULUS HUTAGALUNG,RINALDI RAJA SK,Kab. Asahan
SUM-SU-GNT-0029,KUD_SIMANGAMBAT,2026-01-23,1.4103,100.025,NS-Siantar Sidempuan,50 Pcs,PAUL TULUS HUTAGALUNG,Vacant,Kab. Padang Lawas Utara
SUM-SU-PSP-0013,AEK_PARDOMUAN,2026-01-21,1.4026,99.0309,NS-Siantar Sidempuan,50 Pcs,PAUL TULUS HUTAGALUNG,Vacant,Kab. Tapanuli Selatan
SUM-RI-TLK-0008,KEPALA_PULAU,2026-05-06,-0.431041667,101.6655556,NS-Riau,50 Pcs,AHMAD JAZULI,SYAHRU RAMADHAN ARIFIN HARAHAP,Kab. Kuantan Singingi
SUM-SU-KIS-0040,BANGUN_SARI_SILAU,2025-12-05,2.9422,99.4624,NS-Siantar Sidempuan,50 Pcs,PAUL TULUS HUTAGALUNG,RINALDI RAJA SK,Kab. Asahan
SUM-AC-STR-0002,HAKIM_WIH_ILANG,2025-11-01,4.7355,96.9164,NS-NAD,50 Pcs,AYUB HARIYONO,ISWADI,Kab. Bener Meriah
SUM-SU-SBH-0005,AEK_TIGA_SOSA,2025-12-07,1.058,99.9902,NS-Siantar Sidempuan,50 Pcs,PAUL TULUS HUTAGALUNG,Vacant,Kab. Padang Lawas
SUM-SU-GNT-0014,-,2026-04-30,1.7007,100.0427,NS-Siantar Sidempuan,50 Pcs,PAUL TULUS HUTAGALUNG,Vacant,Kab. Padang Lawas Utara
SUM-AC-SKM-0019,-,2026-03-12,4.0658,96.306,NS-NAD,50 Pcs,AYUB HARIYONO,SUHEYMI,Kab. Nagan Raya
SUM-RI-RGT-0011,SIPANG,2026-04-29,-0.774011111,102.2563,NS-Riau,50 Pcs,AHMAD JAZULI,SANDHY ADITIA,Kab. Indragiri Hulu
SUM-RI-TLK-0010,DESA_RAMBAHAN,2026-03-20,-0.335519444,101.7026194,NS-Riau,50 Pcs,AHMAD JAZULI,SYAHRU RAMADHAN ARIFIN HARAHAP,Kab. Kuantan Singingi
SUM-AC-KRB-0009,ARAS_SEMBILAN,2026-02-08,4.2671,98.0199,NS-NAD,50 Pcs,AYUB HARIYONO,SYAFRIZAL,Kab. Aceh Tamiang
SUM-AC-SKM-0025,-,2026-03-23,3.9963,96.6208,NS-NAD,50 Pcs,AYUB HARIYONO,SUHEYMI,Kab. Nagan Raya
SUM-SU-PMS-0058,-,2026-03-03,2.8717,98.8509,NS-Siantar Sidempuan,50 Pcs,PAUL TULUS HUTAGALUNG,CRISSANTI MIKA A P,Kab. Simalungun
SUM-SU-SBG-0007,PINANG_BARU,2026-01-25,1.5922,98.8948,NS-Siantar Sidempuan,50 Pcs,PAUL TULUS HUTAGALUNG,ADDINA FADILA JAMBAK,Kab. Tapanuli Tengah
SUM-SU-GNT-0019,SIBAGASI,2025-11-14,1.5453,99.5945,NS-Siantar Sidempuan,50 Pcs,PAUL TULUS HUTAGALUNG,Vacant,Kab. Padang Lawas Utara
SUM-SU-LBP-0023,-,2026-03-11,3.3397,98.8236,NS-Medan Dairi,50 Pcs,JEFRIE,ANGGA BUCHARES TANAMAL,Kab. Deli Serdang
SUM-SU-AKK-0016,-,2026-03-27,2.0108,100.026,NS-Siantar Sidempuan,50 Pcs,PAUL TULUS HUTAGALUNG,RAMA PRAYOGA,Kab. Labuhanbatu
SUM-RI-BKN-0107,-,2026-03-20,0.214680556,101.5235694,NS-Riau,50 Pcs,AHMAD JAZULI,SYAHRU RAMADHAN ARIFIN HARAHAP,Kab. Kampar
SUM-AC-STR-0027,PAYA_KARANG,2025-11-08,4.7955,96.7126,NS-NAD,50 Pcs,AYUB HARIYONO,ISWADI,Kab. Bener Meriah
SUM-AC-LSK-0030,-,2026-04-27,5.169,96.9128,NS-NAD,50 Pcs,AYUB HARIYONO,ISWADI,Kab. Aceh Utara
SUM-RI-PKK-0026,SEGATI_LANGGAM,2026-01-29,0.143877778,101.6493028,NS-Riau,50 Pcs,AHMAD JAZULI,MENILA LAHAGU,Kab. Pelalawan
SUM-SU-SBH-0036,-,2026-02-08,0.933,100.073,NS-Siantar Sidempuan,50 Pcs,PAUL TULUS HUTAGALUNG,Vacant,Kab. Padang Lawas
SUM-AC-LSK-0070,ALUE_NGOM,2025-11-14,5.0106,97.1491,NS-NAD,50 Pcs,AYUB HARIYONO,ISWADI,Kab. Aceh Utara
SUM-AC-STR-0028,-,2026-03-17,4.7684,96.7326,NS-NAD,50 Pcs,AYUB HARIYONO,ISWADI,Kab. Bener Meriah
SUM-AC-SGI-0039,-,2026-02-25,5.2151,95.8603,NS-NAD,50 Pcs,AYUB HARIYONO,DOLLY AULIA,Kab. Pidie
SUM-AC-MBO-0043,-,2026-05-07,4.3557,95.9319,NS-NAD,25 Pcs,AYUB HARIYONO,SUHEYMI,Kab. Aceh Barat
SUM-SU-KIS-0021,GONTING_MALAHA,2025-12-21,2.6466,99.3696,NS-Siantar Sidempuan,25 Pcs,PAUL TULUS HUTAGALUNG,RINALDI RAJA SK,Kab. Asahan
SUM-AC-KRB-0025,GERENGGAM,2025-11-09,4.2254,97.979,NS-NAD,25 Pcs,AYUB HARIYONO,SYAFRIZAL,Kab. Aceh Tamiang
SUM-SU-SRH-0011,-,2026-03-17,3.4283,99.0823,NS-Siantar Sidempuan,25 Pcs,PAUL TULUS HUTAGALUNG,Vacant SDB,Kab. Serdang Bedagai
SUM-SU-KIS-0046,-,2025-12-31,2.9056,99.7989,NS-Siantar Sidempuan,25 Pcs,PAUL TULUS HUTAGALUNG,RINALDI RAJA SK,Kab. Asahan
SUM-SU-STB-0032,-,2026-04-30,3.5735,98.2627,NS-Medan Dairi,25 Pcs,JEFRIE,RISKY PRAYUDA,Kab. Langkat
SUM-SU-LBP-0049,-,2026-04-22,3.4754,98.8083,NS-Medan Dairi,25 Pcs,JEFRIE,ANGGA BUCHARES TANAMAL,Kab. Deli Serdang
SUM-RI-DUM-0019,-,2026-04-29,1.442430556,101.3999889,NS-Kepulauan Riau Dumai,25 Pcs,MUHAMMAD IKHLAS,EVY MARANATHA,Kota Dumai
SUM-SU-STB-0030,BUKIT_SARI_2,2025-12-29,3.8328,98.2868,NS-Medan Dairi,25 Pcs,JEFRIE,RISKY PRAYUDA,Kab. Langkat
SUM-SU-KIS-0015,ALANG_BONBON_SIMBILANG,2025-12-11,2.6629,99.7053,NS-Siantar Sidempuan,25 Pcs,PAUL TULUS HUTAGALUNG,RINALDI RAJA SK,Kab. Asahan
SUM-RI-DUM-0008,-,2026-05-07,1.906561111,101.2503389,NS-Kepulauan Riau Dumai,25 Pcs,MUHAMMAD IKHLAS,EVY MARANATHA,Kota Dumai
SUM-RI-BLS-0047,-,2026-03-20,1.108938889,101.3125389,NS-Kepulauan Riau Dumai,25 Pcs,MUHAMMAD IKHLAS,EVY MARANATHA,Kab. Bengkalis
SUM-SU-KPI-0011,TANGGA,2025-12-05,1.821,99.9283,NS-Siantar Sidempuan,25 Pcs,PAUL TULUS HUTAGALUNG,RAMA PRAYOGA,Kab. Labuhanbatu Selatan
SUM-RI-BLS-0048,-,2026-04-29,1.101665,101.966379,NS-Kepulauan Riau Dumai,25 Pcs,MUHAMMAD IKHLAS,EVY MARANATHA,Kab. Bengkalis
SUM-SU-AKK-0056,-,2025-12-31,2.4332,100.2723,NS-Siantar Sidempuan,25 Pcs,PAUL TULUS HUTAGALUNG,RAMA PRAYOGA,Kab. Labuhanbatu
SUM-AC-MBO-0036,-,2026-02-08,4.1492,96.2671,NS-NAD,25 Pcs,AYUB HARIYONO,SUHEYMI,Kab. Aceh Barat
SUM-AC-LSK-0023,ALUE_LEUHOB,2025-11-06,4.948,97.4248,NS-NAD,25 Pcs,AYUB HARIYONO,ISWADI,Kab. Aceh Utara
SUM-AC-SKM-0003,-,2026-03-11,3.8868,96.3685,NS-NAD,25 Pcs,AYUB HARIYONO,SUHEYMI,Kab. Nagan Raya
SUM-RI-BKN-0118,-,2026-04-14,0.309080556,100.7623611,NS-Riau,25 Pcs,AHMAD JAZULI,SYAHRU RAMADHAN ARIFIN HARAHAP,Kab. Kampar
SUM-SU-KIS-0010,BANGUN_BARU,2025-12-28,2.8491,99.9516,NS-Siantar Sidempuan,25 Pcs,PAUL TULUS HUTAGALUNG,RINALDI RAJA SK,Kab. Asahan
SUM-RI-BLS-0046,-,2026-04-28,1.197688889,101.0853111,NS-Kepulauan Riau Dumai,25 Pcs,MUHAMMAD IKHLAS,EVY MARANATHA,Kab. Bengkalis
SUM-SU-AKK-0052,SIBORANG,2025-12-11,1.8677,99.8377,NS-Siantar Sidempuan,25 Pcs,PAUL TULUS HUTAGALUNG,RAMA PRAYOGA,Kab. Labuhanbatu
SUM-RI-BLS-0026,-,2026-01-19,1.202938889,102.1404306,NS-Kepulauan Riau Dumai,25 Pcs,MUHAMMAD IKHLAS,EVY MARANATHA,Kab. Bengkalis
SUM-SU-KIS-0043,SITUNJAK,2025-11-02,2.6053,99.5215,NS-Siantar Sidempuan,25 Pcs,PAUL TULUS HUTAGALUNG,RINALDI RAJA SK,Kab. Asahan
SUM-AC-SKM-0030,-,2026-03-16,4.0256,96.4143,NS-NAD,25 Pcs,AYUB HARIYONO,SUHEYMI,Kab. Nagan Raya
SUM-RI-TBH-0047,SEI_RAWA_BATANG_TUAKA,2026-04-03,-0.23235,103.1055389,NS-Riau,25 Pcs,AHMAD JAZULI,SANDHY ADITIA,Kab. Indragiri Hilir
SUM-SU-SRH-0012,LAWA_LAWA_LUO,2025-11-10,3.3174,98.9648,NS-Siantar Sidempuan,25 Pcs,PAUL TULUS HUTAGALUNG,Vacant SDB,Kab. Serdang Bedagai
SUM-SU-DLS-0015,SIGALAPANG_HASUNDUTAN,2025-11-26,2.1918,98.4588,NS-Siantar Sidempuan,25 Pcs,PAUL TULUS HUTAGALUNG,RAYMOND DIAZ SITORUS,Kab. Humbang Hasundutan
SUM-AC-SKM-0002,ALUE_WAKIE,2025-12-31,4.042,96.5886,NS-NAD,25 Pcs,AYUB HARIYONO,SUHEYMI,Kab. Nagan Raya
SUM-AC-MBO-0035,-,2026-01-10,4.376,96.0714,NS-NAD,25 Pcs,AYUB HARIYONO,SUHEYMI,Kab. Aceh Barat
SUM-RI-BKN-0119,-,2026-05-06,0.16363,101.05268,NS-Riau,25 Pcs,AHMAD JAZULI,SYAHRU RAMADHAN ARIFIN HARAHAP,Kab. Kampar
SUM-SU-SDK-0032,-,2026-04-23,2.9055,98.2505,NS-Medan Dairi,25 Pcs,JEFRIE,AUDREY AGITA TARIGAN,Kab. Dairi
SUM-SU-LBP-0029,KERIAHAN,2026-01-20,3.3511,98.7868,NS-Medan Dairi,25 Pcs,JEFRIE,ANGGA BUCHARES TANAMAL,Kab. Deli Serdang
SUM-SU-SBH-0037,-,2026-03-03,1.0395,99.9091,NS-Siantar Sidempuan,25 Pcs,PAUL TULUS HUTAGALUNG,Vacant,Kab. Padang Lawas
SUM-SU-KPI-0013,PARIMBURAN,2026-01-15,1.7383,99.8077,NS-Siantar Sidempuan,25 Pcs,PAUL TULUS HUTAGALUNG,RAMA PRAYOGA,Kab. Labuhanbatu Selatan
SUM-RI-BLS-0022,BUKIT_KERIKIL,2026-01-05,1.3923,101.5098,NS-Kepulauan Riau Dumai,25 Pcs,MUHAMMAD IKHLAS,EVY MARANATHA,Kab. Bengkalis
SUM-AC-MBO-0023,UJONG_TANJUNG,2025-11-21,4.1529,96.164,NS-NAD,25 Pcs,AYUB HARIYONO,SUHEYMI,Kab. Aceh Barat
SUM-SU-SDK-0010,LAUBALENG_BATURADEN,2025-12-23,3.0117,98.1362,NS-Medan Dairi,25 Pcs,JEFRIE,AUDREY AGITA TARIGAN,Kab. Dairi
SUM-AC-SKM-0004,KABU,2025-12-31,3.8945,96.3962,NS-NAD,25 Pcs,AYUB HARIYONO,SUHEYMI,Kab. Nagan Raya
SUM-AC-MBO-0038,-,2026-03-04,4.4196,96.1959,NS-NAD,25 Pcs,AYUB HARIYONO,SUHEYMI,Kab. Aceh Barat
SUM-AC-KRB-0026,TAMIANG_KIRI,2025-11-04,4.1112,97.9822,NS-NAD,25 Pcs,AYUB HARIYONO,SYAFRIZAL,Kab. Aceh Tamiang
SUM-RI-BKN-0111,-,2026-04-24,0.589388889,100.8524694,NS-Riau,25 Pcs,AHMAD JAZULI,SYAHRU RAMADHAN ARIFIN HARAHAP,Kab. Kampar
SUM-AC-MBO-0040,-,2026-03-23,4.1948,96.2105,NS-NAD,25 Pcs,AYUB HARIYONO,SUHEYMI,Kab. Aceh Barat
SUM-RI-TBH-0028,AIR_BALUI,2026-01-23,-0.907636111,102.7849972,NS-Riau,25 Pcs,AHMAD JAZULI,SANDHY ADITIA,Kab. Indragiri Hilir
SUM-RI-PKK-0052,MASJID_TLK_BINJAI,2026-04-20,0.183611111,102.52575,NS-Riau,25 Pcs,AHMAD JAZULI,MENILA LAHAGU,Kab. Pelalawan
SUM-AC-KRB-0028,-,2026-03-06,4.1625,97.9763,NS-NAD,25 Pcs,AYUB HARIYONO,SYAFRIZAL,Kab. Aceh Tamiang
SUM-SU-KIS-0045,-,2026-01-29,2.7388,99.2904,NS-Siantar Sidempuan,25 Pcs,PAUL TULUS HUTAGALUNG,RINALDI RAJA SK,Kab. Asahan
SUM-AC-LSK-0025,BATEE_PILAH,2025-11-10,5.0683,96.9773,NS-NAD,25 Pcs,AYUB HARIYONO,ISWADI,Kab. Aceh Utara
SUM-AC-MBO-0037,-,2026-01-23,4.4438,96.0542,NS-NAD,25 Pcs,AYUB HARIYONO,SUHEYMI,Kab. Aceh Barat
SUM-RI-BLS-0036,JANGKANG_BANTAN_AIR,2026-02-20,1.54145,102.3559389,NS-Kepulauan Riau Dumai,25 Pcs,MUHAMMAD IKHLAS,EVY MARANATHA,Kab. Bengkalis
SUM-SU-GNT-0027,AEK_RARU_SIMANGAMBAT,2026-01-29,1.5421,100.0009,NS-Siantar Sidempuan,25 Pcs,PAUL TULUS HUTAGALUNG,Vacant,Kab. Padang Lawas Utara
SUM-RI-BKN-0117,-,2026-04-06,0.271761111,101.2075389,NS-Riau,25 Pcs,AHMAD JAZULI,SYAHRU RAMADHAN ARIFIN HARAHAP,Kab. Kampar
SUM-AC-SKM-0031,-,2026-03-14,4.0958,96.4027,NS-NAD,25 Pcs,AYUB HARIYONO,SUHEYMI,Kab. Nagan Raya
SUM-RI-BLS-0031,SEMUNAI,2026-02-27,1.1719,101.3505,NS-Kepulauan Riau Dumai,25 Pcs,MUHAMMAD IKHLAS,EVY MARANATHA,Kab. Bengkalis